citation,year,type,doi_or_url,access,institutions_mentioned,objects_mentioned,relevance,notes,x_agents
"Geoffroy Saint-Hilaire, E. 1807. Description de deux crocodiles qui existent dans le Nil, comparés au crocodile de Saint-Domingue. Annales du Muséum d'histoire naturelle 10: 67-86, 264, 2 pl.",1807,PEER_REVIEWED,UNKNOWN,CITATION_ONLY,Muséum national d'histoire naturelle Paris (to verify),mummified crocodile(s) used to describe Crocodylus suchus (to verify),Historic description of C. suchus partly based on mummies; possible MNHN holdings,From De Cupere 2023 ref. 61; BHL likely has full text.,literature
"Leemans, Description raisonnée des monumens égyptiens du Musée d'antiquités des Pays-Bas à Leide (1840) N 28-33; P.A.A. Boeser, Catalogus (1907) E.XLV.24-29",1840,MUSEUM_CATALOGUE,UNKNOWN,CITATION_ONLY,Rijksmuseum van Oudheden Leiden,"AMM 16a, g, i, k; CI 260",Early catalogues of RMO crocodile mummies,Cited in RMO records,benelux_alpine
"Georges, A.; Girardet, Karl (ill.) 1862. Excursion aux grottes de Samoun ou des crocodiles : haute Égypte. (Smithsonian Libraries call no. G1 .T727)",1862,OTHER,https://siris-libraries.si.edu/ipac20/ipac.jsp?&profile=liball&source=~!silibraries&uri=full=3100001~!761567~!0#focus,ABSTRACT,UNKNOWN,UNKNOWN,19th-c. account of the Samoun (Maabdeh) crocodile-mummy caves; context for provenance 'Samoun/Maabdeh/Manfalut',Found via SI Open Access API (SIL record); only the catalogue abstract read,portals_world
"Fabretti, A., Rossi, F. & Lanzone, R.V. 1882. Regio Museo di Torino. Antichità Egizie, vol. I. Torino, pp. 332-340 (animal mummies).",1882,MUSEUM_CATALOGUE,UNKNOWN,CITATION_ONLY,Museo Egizio Turin,animal mummies of Donati/Drovetti collections (crocodiles to verify),Historic Turin catalogue; likely on archive.org,Cited by Oliva & Borla 2019.,literature
"Fabretti, Ariodante, Francesco Rossi and Ridolfo V. Lanzone, Regio Museo di Torino: Antichità Egizie, I, Torino 1882 (p. 332 no. 2351; p. 333 no. 2353).",1882,MUSEUM_CATALOGUE,UNKNOWN,CITATION_ONLY,Museo Egizio Torino,"Cat. 2351 [25-26], Cat. 2353 [28-29] crocodile mummies",UNKNOWN,Cited in Ikram et al. 2024,southern_europe
"Schiaparelli, Ernesto, Museo archeologico di Firenze: antichità egizie, parte prima (Catalogo generale dei musei di antichità e degli oggetti d'arte raccolti nelle gallerie e biblioteche del regno, Serie VI: Toscana ed Umbria), Roma 1887, pp. 175-176 nos. 1418-1423, 2648.",1887,MUSEUM_CATALOGUE,UNKNOWN,CITATION_ONLY,Museo Archeologico di Firenze (Egyptian section),Florence crocodile mummies inv. 2647-2653 (Schiaparelli nos. 1418-1423 etc.),UNKNOWN,Cited in Tezzele 2014,southern_europe
"de Morgan, J. et al. 1894-1909. Catalogue des monuments et inscriptions de l'Égypte antique. De la frontière de Nubie à Kom Ombos. 3 vols. Vienna / Cairo.",1894,EXCAVATION_REPORT,UNKNOWN,CITATION_ONLY,Egyptian Museum (Bulaq/Giza/Cairo),>300 crocodile mummies excavated at Kom Ombo 1893 (per Anderson & Antoine 2019),"Source of Kom Ombo crocodiles dispersed to BM, NHM and probably others",Cited by Anderson & Antoine 2019.,literature
"de Gorostarzu, M.X. 1901. Lettre sur deux tombeaux de crocodiles découverts au Fayoum. Annales du Service des Antiquités de l'Égypte 2: 182-184.",1901,EXCAVATION_REPORT,UNKNOWN,CITATION_ONLY,UNKNOWN,two crocodile tombs in the Fayum (fig. 1),Early report of crocodile tombs; ASAE 2 available on archive.org,Cited by Anderson & Antoine 2019 and Ikram 2019.,literature
"Grenfell, Bernard P., Arthur S. Hunt and J. Gilbart Smyly. 1902. The Tebtunis Papyri, Part I. London: Henry Frowde (University of California Publications, Graeco-Roman Archaeology vol. 1). Introduction on the crocodile cemetery at Tebtunis (Umm el-Baragat); pages not verified.",1902,EXCAVATION_REPORT,UNKNOWN,CITATION_ONLY,University of California (Hearst expedition); Phoebe A. Hearst Museum,Crocodile mummies stuffed with/wrapped in papyri at Tebtunis (Umm el-Baragat),"Excavation account of crocodile mummies at Tebtunis 1899-1900, origin of Hearst holdings",Citation from general knowledge/assignment list; not opened in this session; publisher details and page range not verified.,usa_midwest_west
"Lortet, L. & Gaillard, C. 1903. La faune momifiée de l'ancienne Égypte [1re série]. Archives du Muséum d'histoire naturelle de Lyon 8.",1903,MONOGRAPH,https://gallica.bnf.fr/ark:/12148/bpt6k6543770h,CITATION_ONLY,Muséum d'histoire naturelle de Lyon,UNKNOWN,Lyon animal mummies (1st series),Gallica texteBrut returned 403 (curl and WebFetch); Heidelberg digi (lortet1905ga) behind anti-bot page.,literature
"Lortet, L. & Gaillard, C. 1903 and 1909. La faune momifiée de l'ancienne Égypte. Archives du Muséum d'histoire naturelle de Lyon 8 and 10.",1903; 1909,MONOGRAPH,UNKNOWN,CITATION_ONLY,Muséum de Lyon,Crocodiles from Esna and Kom Ombo,Primary source for Esna/Kom Ombo crocodile provenance at Lyon,Digitised on Biodiversity Heritage Library / Gallica? - not checked yet,toponyms
"Gaillard, C. & Daressy, G. 1905. La faune momifiée de l'antique Égypte. Catalogue général des antiquités égyptiennes du Musée du Caire, Nos 29501-29733 et 29751-29834. Le Caire: Impr. de l'Institut français d'archéologie orientale.",1905,MUSEUM_CATALOGUE,https://archive.org/details/lafaunemomifie00gail,FULL_TEXT,"Egyptian Museum, Cairo (Musée du Caire); Muséum de Lyon | Egyptian Museum Cairo; Muséum d'histoire naturelle de Lyon (Lortet opened Cairo mummies there)","CG 29578 (crocodile head, Kom Ombo); CG 29579-29585 (crocodile eggs, Kom Ombo); CG 29628-29630 (large crocodile mummies, Kom Ombo); CG 29710-29720 (young crocodile mummies; 29712 Thebes Assasif, 29714 Hawara JE 28373); CG 29813-29816bis (crocodile coffins/sheath; 29815 Thebes Assasif, JE 26485); CG 29674 goat-shaped Saqqara mummy that contained crocodile bones (opened in Lyon) | Crocodile: CG 29578 (head), 29579-29585 (eggs), 29628-29630 (large Kom Ombo crocodiles 5.20, 4.65, 4.55 m), 29710-29720 (young crocodiles, incl. 29716 group of 7-8), 29813-29816 bis (coffins/containers); goat-shaped Saqqara mummy with crocodile bones (goat skull CG 29673, ex Giza catalogue no. 804; Lortet & Gaillard 1905: 277 figs 146-147)","Primary catalogue of Cairo crocodile mummies; index: 'Crocodiles, 29578 à 29585, 29628 à 29630, 29710 à 29720. — (Cercueils des), 29813 à 29816.' | Primary catalogue of Cairo animal mummies; detailed bandaging descriptions of young crocodile mummies (checkerboard bands, painted eyes)","Read OCR full text (djvu.txt) and verified garbled values on page images (pp. 85, 118-120, 153). Preface states crocodiles 'déposés en quantités innombrables à Maabdeh et à Kôm-Ombo'. CG 29563 is a raptor bundle containing two crocodile teeth (not a crocodile mummy). | Number range verified on title page (PDF p. 7). Scan pages 66-69, 84-85, 118-120, 152-153 viewed as images to verify numbers/dimensions. Preface: crocodiles 'déposés en quantités innombrables à Maabdeh et à Kôm-Ombo'.",egypt;literature
"Lortet, L. & Gaillard, C. 1905-1907. La faune momifiée de l'ancienne Égypte, 2e série (1905, Archives du Muséum d'histoire naturelle de Lyon 9) and 3e-4e séries (1907-1908).",1905,MONOGRAPH,https://gallica.bnf.fr/ark:/12148/bpt6k6543771x ; https://digi.ub.uni-heidelberg.de/diglit/lortet1909bd2,CITATION_ONLY,Muséum d'histoire naturelle de Lyon; Musée du Caire (Lortet opened Cairo mummies in Lyon),"Crocodile mummies with multiple hatchlings (figs 77-78, Lyon 1908, cited in Gaillard & Daressy 1905 p. 67); goat-shaped Saqqara mummy with crocodile bones (2e série p. 277 figs 146-147)","Lyon crocodiles, composite mummies",Series/volume attribution partly from citations in Gaillard & Daressy 1905 and Lortet & Gaillard 1909; not seen directly.,literature
"Lortet, L. & Gaillard, C. 1909. La faune momifiée de l'ancienne Égypte et recherches anthropologiques. Cinquième série. Archives du Muséum d'histoire naturelle de Lyon 10 (1909); ch. XVIII 'Reptiles. Momies de crocodiles', pp. 295-299, figs 209-214 (the volume also contains the 3e and 4e séries).",1909,MONOGRAPH,https://archive.org/details/ArchivesduMuseY10Muse,FULL_TEXT,"Muséum d'histoire naturelle de Lyon (18 adult crocodiles of all sizes and thousands of hatchlings brought from the Ptolemaic necropolis of Kom Ombo; numerous eggs); Musée du Caire (two largest Kom Ombo crocodiles, 4.50 m and 4.75 m, displayed either side of the door of the zoology hall)","figs 209-210 very young crocodiles (Kom Ombo); fig. 211 crocodile with bandages (c. 1 m, checkered two-tone bandaging); fig. 212 artificial glass corneas; fig. 213 back of crocodile head covered with bitume; fig. 214 young crocodile covered with egg shells, L. 95 cm (Kom Ombo)","Primary source for Lyon Kom Ombo crocodiles (Lortet excavation 1909); techniques (bitumen, checkered bandaging, artificial eyes, amputated snouts)",OCR of Smithsonian copy on archive.org read. Only crocodile chapter read in detail.,literature
"Breccia, E. 1922. Alexandrea ad Aegyptum: a guide to the ancient and modern town, and to its Graeco-Roman Museum. Bergamo: Istituto Italiano d'Arti Grafiche (Alexandria Municipality). Room 9, pp. 152-154; garden court pp. 283-285.",1922,MUSEUM_CATALOGUE,https://archive.org/details/McGillLibrary-rbsc_alexandrea-aegyptum_DT73A4B72131922-18824,FULL_TEXT,"Graeco-Roman Museum, Alexandria","Wooden processional litter of Petesouchos/Pnepheros from Theadelphia temple on carved wooden case, 'On the litter is the mummy of a crocodile' (Room 9); model of the bier in reconstructed Pnepheros temple (garden court)",Official museum guide by the director; only evidence of a crocodile mummy in the Graeco-Roman Museum,"Fig. 61 shows the Theadelphia fresco of priests carrying the crocodile, not the mummy itself. Also mentions cemeteries of sacred crocodiles in Fayum with cartonnage of papyrus (p. 9939 region of OCR). Breccia's Theadelphia excavation report (Monuments de l'Égypte gréco-romaine I, 1926) not found online.",egypt
"Abou-Seif, H. 1926. Rapport sur les fouilles faites à Tehneh en janvier et février 1926. Annales du Service des Antiquités de l'Égypte 26: 32-38.",1926,EXCAVATION_REPORT,https://archive.org/details/ASAE-26-1-1926,FULL_TEXT,Cairo Museum (Egyptian Museum); Akoris Chapel E storeroom | Egyptian Museum Cairo (implied),"Numerous crocodile mummies from Chapel D, Tehneh (Akoris); some sent to Cairo Museum, others stored in Chapel E | Numerous crocodile mummies and coffins from Chapel D, Akoris",Origin of Akoris crocodile mummies in Egyptian Museum Cairo and in the Chapel E site store | Akoris crocodile mummies sent to Cairo,"Read OCR text (archive.org ASAE-26-1-1926): tomb no. 3 yielded 'une grande quantité de crocodiles embaumés, enveloppés de toile fortement liée à l'aide de branches de palmier'; chamber B of tomb no. 4 given an iron door, where he placed 'suivant l'ordre de M. le Directeur général, ceux des crocodiles et des bois de cercueils qui ne sont pas nécessaires au Musée du Caire'. Same fascicle: P. Lacau, 'Note sur la tombe n° 3 de Tehneh' – crocodile mummies 'assez soigneusement préparées, ... les grandes et les petites mélangées' reused chamber next to crocodile temple. ASAE index 21-30: 'Crocodiles. Momies à Tehneh, XXVI, 30, 36, 37, 39'. | ASAE digitised on Gallica/archive.org possibly",egypt;toponyms
"Breccia, E. 1931. Fouilles à Oxyrhynchos et à Tebtynis (1928-1930). Annales du Service des Antiquités de l'Égypte 31.",1931,EXCAVATION_REPORT,https://archive.org/details/ASAE-31-1931,FULL_TEXT,Graeco-Roman Museum Alexandria (excavation sponsor),"Tebtunis crocodile cemetery: 'Nous avons examiné une vingtaine de crocodiles de grandes dimensions et quelques centaines de modestes ou de petites dimensions' (searched for papyri, negative)",Tebtunis crocodile mummies examined by Graeco-Roman Museum mission; disposition not stated,No statement that crocodile mummies were taken to the museum.,egypt
"Hanzák, J. 1977. Egyptian mummies of animals in Czechoslovak collections. Zeitschrift für Ägyptische Sprache und Altertumskunde 104, pp. 86-88.",1977,PEER_REVIEWED,UNKNOWN,CITATION_ONLY,Czechoslovak collections (unspecified in citation),UNKNOWN,Preliminary zoological report on animal mummies in Czechoslovak collections incl. crocodiles,Known via Onderka & Přikryl 2022 bibliography.,central_east_europe
"Llagostera, Esteban, Estudio radiológico de las momias egipcias del Museo Arqueológico Nacional de Madrid (Monografías Arqueológicas 5), Madrid 1978, pp. 96-97 (paquete I).",1978,MONOGRAPH,UNKNOWN,CITATION_ONLY,"Museo Arqueológico Nacional, Madrid",MAN 15123 crocodile mummy (paquete I),UNKNOWN,Cited in CERES record; may cover other MAN animal mummies,southern_europe
"Strouhal, E. and Vyhnánek, L. (with J. Hanzák, J. Čihař, V. Mazák et al.) 1979. Egyptian Mummies in Czechoslovak Collections. Sborník Národního muzea v Praze / Acta Musei Nationalis Pragae, Vol. XXXV B (1979), No. 1-4. Prague: National Museum. Chapter 8 'Mummies of Fish and Reptiles', pp. 130-134, Cat. Nos. 100-121; Table 1 pp. 22-23; ch. 11 Varieties and Fakes; ch. 15 Mummified Fauna (Hanzák) pp. 181-183.",1979,MUSEUM_CATALOGUE,http://fi.nm.cz/wp-content/uploads/2020/09/Strouhal-mumie-optimalizovano.pdf,FULL_TEXT,"Náprstek Museum Prague; City Museum Bratislava; Podlipanské muzeum Český Brod; State Castle Kynžvart; Castle (Zoo Park) Lešná, distr. Gottwaldov/Zlín; also (non-crocodile animal mummies) Hrdlička Museum, Olomouc District Museum, Opočno, Buchlov, Dvůr Králové, Moravská Třebová, Valašské Meziříčí, Slovak National Museum Natural History, Topoľčany, Rimavská Sobota Gemer Museum, Betliar","Crocodile: Náprstek P 608, P 609, P 610, P 614, P 2478, P 2492, P 2793, P 2797; Bratislava City Museum VE 45 a-e; Český Brod 516; Kynžvart 3480, 3487, 3488 (KY 3776); Lešná 1007","Core catalogue of all crocodile mummies in Czechoslovak public collections as of 1970s (18 crocodile cases, radiographed).",OCR PDF hosted by National Museum (fi.nm.cz). Text states 'In our material the crocodile is represented in 18 cases'.,central_east_europe
"Lipińska, J. 1982. Monuments de l'Égypte ancienne au Palacio de Bellas Artes à La Havane et du Museo Bacardí à Santiago de Cuba. Corpus Antiquitatum Aegyptiacarum. Mainz: Philipp von Zabern.",1982,MUSEUM_CATALOGUE,UNKNOWN,CITATION_ONLY,"Museo Nacional de Bellas Artes, La Habana; Museo Bacardí, Santiago de Cuba",UNKNOWN,Potential listing of animal mummies in both Cuban collections,Not seen,rest_of_world
"Scott, G.D. III 1986. Ancient Egyptian Art at Yale. New Haven: Yale University Art Gallery.",1986,MUSEUM_CATALOGUE,UNKNOWN,CITATION_ONLY,Yale Peabody Museum / Yale University Art Gallery,Barringer collection,Catalogue of Yale Egyptian collections,Cited by Hekkala et al. 2022.,literature
"Boessneck, J. & von den Driesch, A. 1987. Die Tierknochenfunde aus den Pavian- und Ibisgalerien von Tuna el-Gebel. In: Boessneck, J. (ed.), Tuna el-Gebel I: die Tiergalerien. Hildesheimer Ägyptologische Beiträge 24: 39-221.",1987,EXCAVATION_REPORT,UNKNOWN,CITATION_ONLY,UNKNOWN,"isolated crocodile cranial/postcranial remains, Tuna el-Gebel",Tuna el-Gebel animal galleries,From De Cupere 2023 ref. 22.,literature
"Zimmer, T. 1987. Les grottes des crocodiles de Maabdah (Samoun): un cas extrême d'analyse archéologique. San Antonio, TX: Van Siclen Books.",1987,MONOGRAPH,UNKNOWN,CITATION_ONLY,UNKNOWN,Maabda crocodile caves contents,Monograph on Maabda crocodile caves; likely lists museum holdings from Samoun,Cited by Baber 2019.,literature
"Tsunoda Bun'ei (角田文衞) et al. KAKEN project 62043089: 中エジプトにおけるアコリス遺跡の考古学的研究 (Archaeological study of Akoris, Middle Egypt), research summary.",1987-1988,OTHER,https://kaken.nii.ac.jp/grant/KAKENHI-PROJECT-62043089/,ABSTRACT,Akoris site (Egypt),'The biggest shaft which is cut through the rock floor was filled with fragmentary crocodile mummy'; linen wrapping of crocodile mummy 14C dated 1560±90 BP,crocodile mummies excavated by Japanese mission at Akoris (Temple of Nero area / Hathor temple forecourt),Abstract read via CiNii https://cir.nii.ac.jp/crid/1040282257334121088,east_asia
"Grilletto, Renato, La mummificazione e l'imbalsamazione, in A.M. Donadoni Roveri (ed.), Civiltà degli Egizi. Le credenze religiose, Torino 1988, pp. 178-187 (p. 186 fig.: ichneumon-shaped mummy actually containing a small crocodile, Museo Egizio Torino).",1988,EDITED_VOLUME_CHAPTER,UNKNOWN,CITATION_ONLY,Museo Egizio Torino,Turin 'ichneumon' mummy containing a small crocodile (inventory not given in Tezzele 2014),UNKNOWN,"Known via Tezzele 2014, p. 95 fig. 55. Object not identified in Ikram et al. 2024 crocodile chapter nor online DB.",southern_europe
"Kessler, D. 1989. Die heiligen Tiere und der König. Teil I: Beiträge zu Organisation, Kult und Theologie der spätzeitlichen Tierfriedhöfe. Ägypten und Altes Testament 16. Wiesbaden: Harrassowitz.",1989,MONOGRAPH,UNKNOWN,CITATION_ONLY,UNKNOWN,list of animal cemeteries incl. >20 with crocodile burials,Standard reference for sacred animal cemeteries and crocodile burial sites,Series number ÄAT 16 from memory - verify; De Cupere 2023 ref. 4 gives title/publisher.,literature
"Kitchen, K. A. & Beltrão, M. C. 1990. Catálogo da Coleção do Egito Antigo existente no Museu Nacional, Rio de Janeiro / Catalogue of the Egyptian Collection in the National Museum, Rio de Janeiro. Warminster: Aris & Phillips. 2 vols.",1990,MUSEUM_CATALOGUE,https://books.google.com/books/about/Catalogue_of_the_Egyptian_Collection_in.html?id=cyU7tAEACAAJ,CITATION_ONLY,"Museu Nacional, Rio de Janeiro","crocodile mummies from 1960 inventory, vol. 2 pp. 230-232 (photo p. 211) per Santos & Locks 2005",Printed catalogue listing the crocodile mummies,Not seen; citation second-hand via Santos & Locks 2005,rest_of_world
"Grilletto, Renato (ed.), Materiali antropologici e zoologici provenienti dall'Egitto e conservati nel Museo Egizio di Torino e nel Museo di Antropologia dell'Università di Torino: consistenza e collocazione al 1991, Torino 1991.",1991,MUSEUM_CATALOGUE,UNKNOWN,CITATION_ONLY,"Museo Egizio Torino; Museo di Antropologia (ed Etnografia), Università di Torino","Turin crocodile mummies pp. 12, 14, 19-21 (cited in Ikram et al. 2024)","1991 inventory of Egyptian anthropological/zoological material in Turin, incl. the University Anthropology Museum - possible source for crocodile mummies at MAET Torino","Known only via citation in Ikram, Aicardi, Facchetti 2024",southern_europe
"Nicolotti, M. & Robert, L. 1992. Les crocodiles momifiés des collections du Musée Guimet d'Histoire Naturelle de Lyon. Lyon: Muséum d'Histoire Naturelle de Lyon, vols 1/2-2/2.",1992,MUSEUM_CATALOGUE,UNKNOWN,CITATION_ONLY,Muséum d'histoire naturelle de Lyon (Musée des Confluences),Lyon crocodile mummies catalogue,Internal/unpublished 2-volume catalogue of Lyon crocodile mummies (cited by Ikram 2019); possibly the basis of Nicolotti & Robert 1994,Citation from Ikram 2019 bibliography p.190.,literature
"Nicolotti, Muriel, Les crocodiles momifiés des collections du Musée Guimet d'Histoire Naturelle de Lyon, Lyon 1992.",1992,THESIS,UNKNOWN,CITATION_ONLY,"Musée Guimet d'Histoire Naturelle, Lyon (now Musée des Confluences)",UNKNOWN,Out of scope (France); cited in Ikram et al. 2024 as parallel,type uncertain (thesis/memoire?),southern_europe
"Del Francia, P.R. and M.C. Guidotti (eds.), La raccolta egizia Massimiliano Strozzi Sacrati a Firenze, Firenze 1993, p. 45 nos. 37-41.",1993,MUSEUM_CATALOGUE,UNKNOWN,CITATION_ONLY,Museo Archeologico Nazionale di Firenze,"Florence inv. 14294-14298 (5 small crocodile mummies, Strozzi Sacrati collection, acquired 1992)",UNKNOWN,Cited in Tezzele 2014,southern_europe
"Nicolotti, M. & Postel, L. 1994. L'animal et le monde de l'au-delà: les momies du Muséum d'Histoire Naturelle de Lyon. Bulletin du Cercle lyonnais d'égyptologie Victor Loret 8: 35-48.",1994,PEER_REVIEWED,UNKNOWN,CITATION_ONLY,Muséum d'histoire naturelle de Lyon (Musée des Confluences),UNKNOWN,Overview of Lyon animal mummies,Citation second-hand from De Cupere et al. 2023 ref. 10.,literature
"Nicolotti, M. & Robert, L. 1994. Les crocodiles momifiés du Muséum de Lyon. Nouvelles Archives du Muséum d'Histoire naturelle de Lyon 32: 4-62.",1994,MUSEUM_CATALOGUE,https://www.persee.fr/doc/mhnly_0373-6636_1994_num_32_1_1141,CITATION_ONLY,Muséum d'histoire naturelle de Lyon (now Musée des Confluences),Catalogue of Lyon crocodile mummies (to be mined),Core catalogue of the MdC crocodile mummies | Catalogue of Lyon crocodile mummies,Cited in Berruyer et al. 2020; Persée URL found via web search; to open. | Cited in De Cupere et al. 2023,france;toponyms
"Nicolotti, M. & Robert, L. 1994. Les crocodiles momifiés du muséum de Lyon. Nouvelles archives du Muséum d'histoire naturelle de Lyon 32: 4-62.",1994,MUSEUM_CATALOGUE,https://doi.org/10.3406/mhnly.1994.1141 (Persée),CITATION_ONLY,Muséum d'histoire naturelle de Lyon (now Musée des Confluences),survey of c. 300 crocodile mummies (per De Cupere et al. 2023),Key catalogue for the largest European crocodile-mummy collection (Lyon),Citation known second-hand from De Cupere et al. 2023 ref. 12; not seen. DOI found via Crossref sweep (Persée) - full text likely open; not yet read.,literature
"The Paleological Association of Japan, Egyptian Committee 1995. Akoris: Report of the Excavations at Akoris in Middle Egypt 1981-1992. Kyoto.",1995,EXCAVATION_REPORT,UNKNOWN,CITATION_ONLY,Akoris site,crocodile mummies from Chapel A shaft (per KAKEN 62043089 abstract and Shimizu 2026),primary excavation report of Japanese mission at Akoris incl. crocodile mummy finds,cited in Shimizu 2026; not accessed.,east_asia
"Peters, J. & von den Driesch, A. 1999. Archäozoologisch-kulturhistorische Auswertung frühgeschichtlicher Krokodilknochen aus Al-M'abda (Mittelägypten). Bonner Zoologische Beiträge 50: 211-219.",1999,PEER_REVIEWED,UNKNOWN,CITATION_ONLY,UNKNOWN (possibly Munich collection),burnt crocodile remains from al-Maabda caves | Burnt crocodile remains from al-Maabda,Maabda crocodile caves; possible collection holder (Munich?) to check | Maabda crocodile material in a German collection?,From De Cupere 2023 ref. 21. | Bonner Zool. Beitr. is on BHL/ZFMK site - check,literature;toponyms
"Ikram, S. 2001. The Animal Mummy Project. KMT 12(4): 18-25.",2001,OTHER,UNKNOWN,CITATION_ONLY,Egyptian Museum Cairo,UNKNOWN,Animal Mummy Project (Cairo) description,Cited by Ikram et al. 2025.,literature
"Ikram, S. & Iskander, N. 2002. Catalogue général of Egyptian antiquities in the Cairo Museum, Nos. 24048-24056; 29504-29903 (selected); 51084-51101; 61089: Non-human mummies. Cairo: Supreme Council of Antiquities Press. 69 pp., 31 pls.",2002,MUSEUM_CATALOGUE,https://www.egyptologyforum.org/EEFCG.html,CITATION_ONLY,"Egyptian Museum, Cairo",UNKNOWN (not accessible online; would re-catalogue the CG 29xxx crocodile entries),Modern re-catalogue of Cairo animal mummies; needed to upgrade 1905 CG crocodile entries to CONFIRMED,"egyptologyforum CG list: 'not yet online (still in copyright, AUC)'. Print-only; not seen.",egypt
"Effland, A. 2003. 'Es sind Männer hier gewesen, deren Berichten man Glauben schenken muß'. Karl May und die Krokodilgrotte von Maabda. In: Kloth, N., Martin, K. & Pardey, E. (eds), Es werde niedergelegt als Schriftstück. Festschrift für Hartwig Altenmüller zum 65. Geburtstag. SAK Beiheft 9. Hamburg: Buske.",2003,EDITED_VOLUME_CHAPTER,UNKNOWN,CITATION_ONLY,UNKNOWN,UNKNOWN,Maabda crocodile grotto history,Cited by Baber 2019; SAK Beiheft number from memory - verify.,literature
"Ikram, S. 2004. A Zoo for Eternity: Animal Mummies in the Cairo Museum. Cairo.",2004,MUSEUM_CATALOGUE,UNKNOWN,CITATION_ONLY,Egyptian Museum Cairo,UNKNOWN,Popular catalogue of Cairo animal mummies,Cited by Ikram et al. 2025.,literature
"von Falck, Martin; Fluck, Cäcilia 2004. Die Ägyptische Sammlung des Gustav-Lübcke-Museums Hamm. Bönen: Kettler. ISBN 3-937390-33-2. pp. 64-65 (juvenile crocodile mummy inv. 1867)",2004,MUSEUM_CATALOGUE,https://global.museum-digital.org/object/174064,CITATION_ONLY,Gustav-Lübcke-Museum Hamm,1867,Collection catalogue; cited in the online record of the crocodile mummy,Citation taken from museum-digital record literature field.,germany
"Brancaglion Jr., A. et al. 2005. The Egyptian collection of Museu Nacional, Rio de Janeiro, Brazil, and the conservation of mummies in a tropical environment. Journal of Biological Research (Bollettino della Società Italiana di Biologia Sperimentale) 80(1): 129-131.",2005,PEER_REVIEWED,https://www.pagepressjournals.org/index.php/jbr/article/view/10125,FULL_TEXT,"Museu Nacional, Rio de Janeiro; National Museum of Havana (Egyptian collection)",human and animal mummies (generic),Generic confirmation of animal mummies; mentions Havana Egyptian collection,Author list abbreviated here; verify. Page range 129ff from PDF header.,rest_of_world
"Bresciani, E. 2005. Sobek, Lord of the Land of the Lake. In: Ikram, S. (ed.), Divine Creatures: Animal Mummies in Ancient Egypt. Cairo: AUC Press, 199-206.",2005,EDITED_VOLUME_CHAPTER,UNKNOWN,CITATION_ONLY,"UNKNOWN (Medinet Madi excavations, Pisa mission)",Medinet Madi crocodile eggs/mummies (to verify),Fayum crocodile cult; Medinet Madi,From De Cupere 2023 ref. 6.,literature
"Gautier, A. 2005. Animal mummies and remains from the necropolis of Elkab (Upper Egypt). Archaeofauna 14: 139-170.",2005,PEER_REVIEWED,UNKNOWN,CITATION_ONLY,UNKNOWN,burnt crocodile bones and animal mummies from rock tombs at Elkab (Greco-Roman),Elkab crocodile burials (Belgian mission),From De Cupere 2023 ref. 24; Archaeofauna is open access - check.,literature
"M.J. Raven & W.K. Taconis, Egyptian Mummies. Radiological Atlas of the Collections in the National Museum of Antiquities at Leiden (Turnhout: Brepols 2005), cat. 113-119",2005,MUSEUM_CATALOGUE,UNKNOWN,CITATION_ONLY,Rijksmuseum van Oudheden Leiden,"AMM 16a (113), AMM 16g (114), AMM 16i (116), AMM 16k (117), CI 260 (118), F 1998/11.3 (119); cat. 115 probably AMM 16h (unverified)",Radiological catalogue of RMO crocodile mummies,Cited in RMO records on Europeana,benelux_alpine
"Raven, M.J. & Taconis, W.K. 2005. Egyptian Mummies. Radiological Atlas of the Collections in the National Museum of Antiquities at Leiden. Turnhout: Brepols.",2005,MUSEUM_CATALOGUE,UNKNOWN,CITATION_ONLY,Rijksmuseum van Oudheden Leiden,radiographs of animal mummies incl. crocodiles (to verify),Key radiological catalogue for Leiden animal mummies,Cited by Oliva & Borla 2019.,literature
"Santos, M. E. & Locks, M. 2005. Templos, crocodilos e múmias: ex-votos de Sobek da coleção do Museu Nacional. Revista Uniandrade: Especial História (Curitiba) 6(1), janeiro-junho 2005: 29-48.",2005,PEER_REVIEWED,http://static.recantodasletras.com.br/arquivos/2479979.pdf ; https://www.academia.edu/1134343/Temples_Crocodiles_and_Mummies_Ex_votos_of_Sobek_from_the_National_Museum_collection_in_Portuguese_,FULL_TEXT,Museu Nacional (Rio de Janeiro); Kom Ombo temple; Egyptian Museum Cairo; Luxor Museum,"Museu Nacional crocodile hatchling mummies Nº 234, 268, 269, 270, 271, 272, 273, 274 (fragments), 275, 277",Only detailed study of the Museu Nacional crocodile mummies; photos figs 1-9,Full text read from author-posted PDF (recantodasletras); academia.edu 403. Cites 3 crocodile mummies kept at Kom Ombo temple (Hathor chapel) and two large Kom Ombo examples in Cairo Museum.,rest_of_world
"Yoyotte, P. 2005. Crocodile. In: Vernus, P. & Yoyotte, J. (eds), Bestiaire des pharaons. Paris: Librairie Académique Perrin / Agnès Viénot, 209-240.",2005,EDITED_VOLUME_CHAPTER,UNKNOWN,CITATION_ONLY,UNKNOWN,UNKNOWN,Synthesis on crocodile in Egyptian culture incl. classical sources on mummification,From De Cupere 2023 ref. 7.,literature
"Fomenko, I.A. & Shamray, H.F. 2006. Yehypets'ki starozhytnosti v kolektsiyi Dnipropetrovs'koho istorychnoho muzeyu im. D.I. Yavornyts'koho. Dnipropetrovsk: Art-pres.",2006,MUSEUM_CATALOGUE,UNKNOWN,CITATION_ONLY,D.I. Yavornytsky National Historical Museum of Dnipro,crocodile mummies (count not given in citing source),Catalogue of Egyptian antiquities in Dnipro,Cited in Yanish et al. 2025.,literature
"Pérez Díe, M. Carmen (ed.), Egipto, Nubia y Oriente Próximo: colecciones del Museo Arqueológico Nacional, Madrid 2007, p. 108 no. 62 'Momia de cocodrilo'.",2007,MUSEUM_CATALOGUE,UNKNOWN,CITATION_ONLY,"Museo Arqueológico Nacional, Madrid",MAN 15123,UNKNOWN,Cited in CERES record,southern_europe
"González G., C., Valenzuela, G. & Acevedo C., N. 2009. Egiptología en Chile: reflexiones iniciales sobre la colección egipcia del Museo Nacional de Historia Natural, Santiago. Boletín del Museo Nacional de Historia Natural, Chile 58: 105-120.",2009,PEER_REVIEWED,https://doi.org/10.54830/bmnhn.v58.2009.240 ; https://publicaciones.mnhn.gob.cl/668/articles-64574_archivo_01.pdf,FULL_TEXT,"Museo Nacional de Historia Natural, Santiago",Nº 2335 juvenile crocodile mummy from Maabda cave,Primary identification of Chile's crocodile mummy,UNKNOWN,rest_of_world
"Reggiani, Paolo, Le mummie della 'sacerdotessa' e dei coccodrilli della collezione Giovanni Miani conservate al Museo di Storia Naturale di Venezia, Bollettino del Museo civico di Storia naturale di Venezia 59 (2008) 2009, pp. 151-156.",2009,PEER_REVIEWED,https://msn.visitmuve.it/wp-content/uploads/2013/06/Boll59_17_Reggiani.pdf,FULL_TEXT,Museo di Storia Naturale di Venezia Giancarlo Ligabue,"MSNVE-6863, MSNVE-6864 (crocodile mummies); MSNVE-7696 (human 'priestess' mummy)",Conservation report and history of 2 crocodile mummies from Miani's first expedition (cave opposite Manfalut / el-Mahada),Museum's own bulletin (published on museum domain),southern_europe
"Ikram, S. 2010. Crocodiles: guardians of the gateways. In: Hawass, Z. & Ikram, S. (eds), Thebes and Beyond: Studies in Honour of Kent R. Weeks. Cairo: Supreme Council of Antiquities, 85-98.",2010,EDITED_VOLUME_CHAPTER,UNKNOWN,CITATION_ONLY,UNKNOWN,UNKNOWN,Seed work verified: citation confirmed via Yanish et al. 2025 reference list,Seed citation verified (pages 85-98; SCA Cairo).,literature
"McKnight, L. M. (2010). Imaging Applied to Animal Mummification in Ancient Egypt. BAR International Series 2175. Oxford: Archaeopress.",2010,MONOGRAPH,https://doi.org/10.30861/9781407307190,CITATION_ONLY,UNKNOWN (catalogue of animal mummies in UK and other collections studied radiographically),UNKNOWN,"Core catalogue of radiographed animal mummies in UK collections; likely lists crocodile mummies by museum and inventory number. Not accessed: no legitimate open copy found (only a pirate-site copy, deliberately not used).",Priority print source for follow-up.,uk_north
"Hekkala, E., Shirley, M. H., Amato, G., Austin, J. D., Charter, S., Thorbjarnarson, J., Vliet, K. A., Houck, M. L., DeSalle, R. & Blum, M. J. 2011. An ancient icon reveals new mysteries: mummy DNA resurrects a cryptic species within the Nile crocodile. Molecular Ecology 20(20): 4199-4215.",2011,PEER_REVIEWED,https://doi.org/10.1111/j.1365-294X.2011.05245.x ; full text with supplements: https://www.alligatorfarm.com/Conservation/Hekkala%20and%20Shirley%20et%20al%202011%20(Nile%20crocodile%20systematics_supplements%20included).pdf,FULL_TEXT,"MNHN Paris; Phoebe A. Hearst Museum (Berkeley); British Museum; Penn Museum (Philadelphia) | Muséum national d'Histoire naturelle Paris (mummified hatchlings from Thebes and Grottes de Samoun, per Hekkala et al. 2022 Table 1) | Penn Museum (University of Pennsylvania Museum of Archaeology and Anthropology); Phoebe A. Hearst Museum of Anthropology (UC Berkeley); British Museum; Museum national d'Histoire naturelle Paris; AMNH (aDNA lab only) | Muséum national d'Histoire naturelle Paris (MNHN); Phoebe A. Hearst Museum of Anthropology, UC Berkeley (PHM); Penn Museum (UPenn); British Museum (BM). Replication labs only (not holders): AMNH aDNA lab, Univ. Nevada Reno, US EPA Cincinnati, Tulane University.","Table S3 (22 crocodile mummies examined): MNHN 1986_1475, 1986_1478 (Samoun, Gervais), 1986_1480 (Samoun, Pariset), 1986_1471, 1986_1473, 1986_1479 (Thebes, Cailloud, 1820s), 1886_445 (Haute Egypte, V. Schoelcher); PHM 620101, 55121, 514; BM 35734, 35726, 35747, 35751, 6837, 6847 (Manfalut etc.); Upenn E521, 2965563 (Dindereh), E2832 (Tell el-Yehudiyeh), L12112 (Maabdah/Samoun), L12113 (Thebes?) | MNHN-RA crocodile mummies (see Hekkala et al. 2022 Table 1) | Table S3: MNHN 1986_1471, 1986_1473, 1986_1479 (Grottes de Thebes, Cailliaud), 1886_445 (Haute Egypte, Schoelcher), 1986_1475, 1986_1478 (Samoun, Gervais), 1986_1480 (Samoun, Pariset); PHM 620101, 55121, 514; BM 35734, 35726, 35747, 35751, 6837, 6847 (Manfalut etc.); Upenn E521, 2965563 (Dindereh, Cox Expedition 1918), E2832 (Tel El Yehudiyeh, Petrie), L12112 (Maabdah/Samoun), L12113 (Thebes?, G.R. Glidden 1848) | MNHN 1986_1475, 1986_1478, 1986_1480 (Grottes de Samoun), 1986_1471, 1986_1473, 1986_1479 (Grottes de Thebes), 1886_445 (Haute Egypte); PHM 620101, 55121, 514; BM 35734, 35726, 35747, 35751, 6837, 6847 (Manfalut etc.); Upenn E521, 2965563 (Dindereh, Coxe Exp. 1918), E2832 (Tell el-Yehudiyeh, Petrie), L12112 (Maabdah/Samoun), L12113 (Thebes?, G.R. Gliddon 1848)",Confirms MNHN crocodile mummies (hatchlings sampled from tail cross-sections); sample list for BM/PHM/Penn. | First aDNA of crocodile mummies; C. suchus | 22 crocodile mummies sampled for aDNA; only MNHN hatchlings yielded DNA (C. suchus / western clade). Evidence that the listed Penn Museum specimens were in the collection and examined c. 2008-2011. | Sampled crocodile mummies; none held in usa_south region. Tulane appears only as a DNA replication lab.,"Supersedes the earlier CITATION_ONLY entry for this paper in this file (author list here read from the retrieved PDF? only first three names verified in search results; others UNKNOWN-verified - see PDF). | Full text not accessed (Wiley paywall); specimen list taken from Hekkala et al. 2022. | Paper says hatchlings from MNHN, PHM and UPenn sampled; 'Upenn2965563' probably = Penn 29-65-563 (verify in Penn DB). | Numbers as printed in Table S3 of the PDF (read in this session).",france;literature;usa_northeast;usa_south
"Hekkala, E., Shirley, M. H., Amato, G., et al. 2011. An ancient icon reveals new mysteries: mummy DNA resurrects a cryptic species within the Nile crocodile. Molecular Ecology 20: 4199-4215.",2011,PEER_REVIEWED,UNKNOWN,CITATION_ONLY,"Muséum national d'Histoire naturelle, Paris (per Hekkala et al. 2022)",MNHN-RA crocodile mummies from Thebes and Grottes de Samoun (per Hekkala 2022 Table 1),First aDNA study of MNHN crocodile mummies,Known second-hand from Hekkala et al. 2022; citation details from memory of title partially verified by 2022 reference list 'Hekkala and Shirley et al. 2011'.,france
"Hekkala, E.R., Shirley, M.H., Amato, G., Austin, J.D., Charter, S., Thorbjarnarson, J. et al. 2011. An ancient icon reveals new mysteries: mummy DNA resurrects a cryptic species within the Nile crocodile. Molecular Ecology 20: 4199-4215.",2011,PEER_REVIEWED,UNKNOWN,CITATION_ONLY,UNKNOWN (museum specimens sampled),Eight mummified crocodile hatchlings from Thebes and the es-Samun caves (al-Maabda) (per De Cupere et al. 2023),Thebes and Maabda crocodile mummies in museum collections,Need to identify holding museums (probably AMNH / natural history collections).,toponyms
"Snitkuvienė, A. 2011. Lietuva ir Senovės Egiptas. XVI a. pab. - XXI a. prad. Kaunas: Nacionalinis M.K. Čiurlionio dailės muziejus.",2011,MONOGRAPH,UNKNOWN,CITATION_ONLY,National Museum of Lithuania; other Lithuanian collections,crocodile IM 4979 (old No 255),Egyptian antiquities in Lithuania,Cited in Piombino-Mascali et al. 2023.,literature
"Cornelius, I., Swanepoel, L. C., du Plessis, A. & Slabbert, R. 2012. Looking inside votive creatures: computed tomography (CT) scanning of ancient Egyptian mummified animals in Iziko Museums of South Africa: a preliminary report. Akroterion 57: 129-148.",2012,PEER_REVIEWED,https://egyptinsouthafrica.iziko.org.za/wp-content/uploads/2014/02/09cormumfin.pdf,FULL_TEXT,Iziko Museums of South Africa,"5 animal mummies (birds, falcon, fake, kitten); no crocodile",Negative evidence for crocodile at Iziko; South African Animal Mummy Project (Stellenbosch) may cover other SA museums,Cites El Mahdy 1991: 177-180 for a list of mummies in other museums,rest_of_world
"Santos, D. M., Pucciarelli, H. M., Daizo, M. B., Abramzon, F. & Lesyk, S. A. 2012. Las momias egipcias del Museo de La Plata. Estudios recientes. Aegyptus Antiqua 13: 52-55.",2012,PEER_REVIEWED,https://ri.conicet.gov.ar/handle/11336/198992,FULL_TEXT,Museo de La Plata,3 human mummies only,Negative evidence for La Plata crocodile mummy,UNKNOWN,rest_of_world
"Bleiberg, Edward, Yekaterina Barbash & Lisa Bruno 2013. Soulful Creatures: Animal Mummies in Ancient Egypt. Brooklyn: Brooklyn Museum; London: D Giles.",2013,MUSEUM_CATALOGUE,UNKNOWN,CITATION_ONLY,Brooklyn Museum,UNKNOWN (not accessed),Exhibition catalogue of Brooklyn's animal mummies incl. crocodiles; would confirm Brooklyn holdings,"Not accessible in this session (no web search budget, Google Books quota exhausted).",usa_northeast
"Atherton-Woolham, S. D. & McKnight, L. M. (2014). Post-mortem restorations in ancient Egyptian animal mummies using imaging. Papers on Anthropology 23(1): 9-17.",2014,PEER_REVIEWED,https://doi.org/10.12697/poa.2014.23.1.01 ; https://ojs.utlib.ee/index.php/PoA/article/view/poa.2014.23.1.01,FULL_TEXT,"Manchester Museum; Bolton Museum (and Art Gallery); Touchstones, Rochdale; Royal Albert Memorial Museum, Exeter; Museum of Fine Arts, Boston; Natural History Museum, Tring","AEABB071 (Manchester Museum, crocodile mummy bundle: 4 Crocodylus niloticus crania + complete juvenile + possible eggshell); AEABB137 and AEABB140 (Touchstones Rochdale, crocodile-shaped reed bundles with 1 vertebra / 1 osteoderm of C. niloticus); AEABB095 (Bolton Museum, bird mummy (Falco naumanni) containing post-abdominal remains of small C. niloticus)","Table 1 and results give holding institution, Bio Bank (AEABB) reference, imaging dates (DR+CT 2011 Manchester Royal Infirmary; XR 2000 Univ. York) and CT/X-ray contents for 3 crocodile bundles and 1 bird bundle with crocodile remains. Museum inventory numbers NOT given (only AEABB numbers).",PDF read in full (ojs.utlib.ee download /1276).,uk_north
"Gibson, Lydialyle. 2014. 'Mummy figures.' The University of Chicago Magazine, July-August 2014.",2014,OTHER,https://mag.uchicago.edu/science-medicine/mummy-figures,FULL_TEXT,"Oriental Institute (ISAC) Museum, University of Chicago",27 crocodile mummies and 6 parts of crocodiles (no numbers),Official count of OI/ISAC crocodile mummies (Emily Teeter),University magazine (official).,usa_midwest_west
"Molcho, M. 2014. Crocodile breeding in the crocodile cults of the Graeco-Roman Fayum. Journal of Egyptian Archaeology 100: 181-193.",2014,PEER_REVIEWED,UNKNOWN,CITATION_ONLY,UNKNOWN,eggs / nurseries in Fayum,Seed verified (JEA 100: 181-193) via Piombino-Mascali et al. 2023 reference list,Seed citation verified.,literature
"Molcho, M. 2014a. Worship and Ritual in the Crocodile Cults of the Graeco-Roman Fayum. DPhil dissertation, University of Oxford; Molcho, M. 2014b. Crocodile Breeding in the Crocodile Cults of the Graeco-Roman Fayum. Journal of Egyptian Archaeology 100: 181-193.",2014,THESIS,UNKNOWN,CITATION_ONLY,UNKNOWN,Fayum crocodile-cult evidence incl. Medinet Madi linen-wrapped juvenile crocodile bones,Comprehensive Fayum crocodile-cult survey; likely documents dispersal of Fayum crocodile mummies,ORA search returned 404/403; not retrieved,toponyms
"Tezzele, Marianna, La mummificazione degli animali sacri nell'antico Egitto: i materiali del Museo Egizio di Firenze, Tesi di Laurea Magistrale in Orientalistica, Università di Pisa (relatrice Flora Silvano), A.A. 2013/2014. Catalogue of 67 animal-mummy entries; crocodiles Cat. 15-26, pp. 137-144.",2014,THESIS,https://etd.adm.unipi.it/theses/available/etd-10162014-102043/unrestricted/Tesi___Versione_finale.pdf,FULL_TEXT,Museo Archeologico Nazionale di Firenze - Museo Egizio; Museo Egizio Torino; Leiden RMO (AMM 16h); Cairo EMC CG 29628; Brussels MRAH,"Florence inv. 2647, 2648, 2649, 2650, 2651, 2652, 2653, 14294, 14295, 14296, 14297, 14298 (crocodile mummies)","Only detailed catalogue of Florence crocodile mummies with X-ray results, dimensions, acquisition (Rosellini 1828-29, Ricci 1832, Strozzi Sacrati 1992)","Found via the MAF official blog which reused a crocodile photo from this thesis. States 65 animal mummies at Florence, 43 X-rayed.",southern_europe
"Atherton-Woolham, S. (2015). Imaging ancient Egyptian crocodile mummies from Hawara. In: Current Research in Egyptology 2014: Ancient Egypt in a Global World. Oxford and Philadelphia: Oxbow Books, 181-193.",2015,EDITED_VOLUME_CHAPTER,https://research.manchester.ac.uk/en/publications/imaging-ancient-egyptian-crocodile-mummies-from-hawara,CITATION_ONLY,UNKNOWN (Hawara crocodile mummies from Petrie 1888-89 excavations; Manchester Museum holds several per Manchester Museum curator blog),UNKNOWN,Dedicated study of Petrie's Hawara crocodile mummies distributed to UK museums; likely lists holding museums and accession numbers. Research Explorer record has no full text.,Priority print source.,uk_north
"Bresciani, E. & Giammarusti, A. 2015. I templi di Medinet Madi nel Fayum. Pisa; Bresciani, E. 2005/2015. Sobek, Lord of the Land of the Lake. In Ikram (ed.), Divine Creatures, pp. 199-206.",2015,EXCAVATION_REPORT,UNKNOWN,CITATION_ONLY,UNKNOWN,c. 90 crocodile eggs and incubation structures at Narmouthis; linen-wrapped juvenile crocodile bones,Medinet Madi crocodile material (Pisa mission),UNKNOWN,toponyms
"Stevenson, A. (ed.) 2015. The Petrie Museum of Egyptian Archaeology: Characters and Collections. London: UCL Press, p.70.",2015,MUSEUM_CATALOGUE,UNKNOWN,CITATION_ONLY,Petrie Museum,UC55008 (pair of wrapped young crocodiles),cited in Petrie DB record,UNKNOWN,uk_south
"Zesch, Stephanie 2015. Zwischen Diesseits und Jenseits. Objekte altägyptischer Grabausstattung und Tiermumien aus dem Roemer- und Pelizaeus-Museum Hildesheim. (publication venue not verified; listed on academia.edu 12864588 and ResearchGate 280484559)",2015,OTHER,https://www.academia.edu/12864588/Zwischen_Diesseits_und_Jenseits_Objekte_alt%C3%A4gyptischer_Grabausstattung_und_Tiermumien_aus_dem_Roemer_und_Pelizaeus_Museum_Hildesheim,CITATION_ONLY,Roemer- und Pelizaeus-Museum Hildesheim,UNKNOWN,Likely inventory of RPM animal mummies incl. crocodiles (search snippet mentions 'Jungtiere und Krokodileier'),academia.edu and researchgate returned 403; docplayer copy unreachable. Priority for print/library check.,germany
"Álvarez Sosa, M. et al. 2015. La Colección Egipcia del Museo Nacional de Bellas Artes de La Habana. La Habana: Ediciones ad Aegyptum.",2015,MUSEUM_CATALOGUE,UNKNOWN,CITATION_ONLY,"Museo Nacional de Bellas Artes, La Habana",UNKNOWN,Catalogue to check for animal mummies,Not seen; cited in Begerock et al. 2021,rest_of_world
"Anderson, J. & Antoine, D. 2016. 'A mummy of the crocodile god'. British Museum Department of Ancient Egypt and Sudan Newsletter 3.",2016,OTHER,https://www.britishmuseum.org/sites/default/files/2020-06/British-Museum_Egypt_Sudan_Newsletter3_2016.pdf,FULL_TEXT,British Museum,"EA 38562 (Kom Ombo crocodile, radiocarbon 650-550 BC, CT at RVC)",Official BM publication,UNKNOWN,uk_south
"Lawson, Barbara. 2016. 'Egyptian Mummies at the Redpath Museum: Unravelling the History of McGill University's Collection.' Fontanus (McGill University Library), article 281. 45 pp. PDF.",2016,OTHER,https://fontanus.library.mcgill.ca/article/view/281/317,FULL_TEXT,Redpath Museum (McGill); Natural History Society of Montreal (defunct); McCord Museum (1995 exhibition),Crocodile mummies not individually numbered; counts: Ferrier donation 1859 'four small mummified crocodiles'; NHSM transfer 'eight crocodiles'; 1926 notebook '8 Mummified Crocodiles Egypt',Official history of Redpath Egyptian collection by its curator; confirms crocodile mummies in Redpath World Cultures Collection,Journal of McGill Library collections; peer-review status not stated.,canada_oceania
"Kockelmann, H. 2017. Der Herr der Seen, Sümpfe und Flussläufe: Untersuchungen zum Gott Sobek und den ägyptischen Krokodilgötter-Kulten von den Anfängen bis zur Römerzeit (Ägyptologische Abhandlungen 74). Wiesbaden: Harrassowitz.",2017,MONOGRAPH,UNKNOWN,CITATION_ONLY,Graeco-Roman Museum Alexandria (Theadelphia litter inv. 19679–19681); crocodile cult temples,"Theadelphia litter pp. 614-615, Taf. 72, 77-78",Standard monograph on Sobek cults; likely lists crocodile-mummy finds and holding institutions,Print; not seen. Lead for literature agent.,egypt
"Kockelmann, H. 2017. Der Herr der Seen, Sümpfe und Flußläufe: Untersuchungen zum Gott Sobek und den ägyptischen Krokodilgötter-Kulten von den Anfängen bis zur Römerzeit (Ägyptologische Abhandlungen 74). Wiesbaden: Harrassowitz.",2017,MONOGRAPH,UNKNOWN,CITATION_ONLY,Graeco-Roman Museum Alexandria (Theadelphia litters inv. 19679-19681) and others,UNKNOWN,Standard handbook on Sobek cult sites; likely lists crocodile mummies in museums by site - HIGH-priority print source,Cited second-hand via Shimizu 2026,toponyms
"Nongbri, B. 2017. The Crocodile Pit of Maabdeh, Florence Nightingale, and the British Museum's Acquisition of the Harris Homers. Bulletin of the American Society of Papyrologists 54: 207-217.",2017,PEER_REVIEWED,UNKNOWN,CITATION_ONLY,British Museum,UNKNOWN,Maabdeh provenance history,Cited by Baber 2019.,literature
"Richardin, P., Porcier, S., Ikram, S., Louarn, G. & Berthet, D. 2017. Cats, Crocodiles, Cattle, and More: Initial Steps Toward Establishing a Chronology of Ancient Egyptian Animal Mummies. Radiocarbon 59(2): 595-607.",2017,PEER_REVIEWED,https://doi.org/10.1017/RDC.2016.102,ABSTRACT,"Musée des Confluences, Lyon",63 animal mummies of the MdC radiocarbon-dated (crocodile samples not individually accessible; MdC portal notices carry 'âge calibré C14' fields apparently derived from this programme),Chronology of MdC animal mummies incl. crocodiles (Berruyer et al. 2020 cite crocodile dates 2255±30 BP to 1845±30 BP),UNKNOWN,france
"Aufrère, S.H. (c. 2018). Early Travellers and the Animal 'Mummy Pits' of Egypt: Exploration and Exploitation of the Animal Catacombs in the Early Age of Travel. (Book chapter; ResearchGate 326827537).",2018,EDITED_VOLUME_CHAPTER,https://www.researchgate.net/publication/326827537,CITATION_ONLY,UNKNOWN,Samoun/Maabda crocodile grottoes (illustration 'Intérieur des Grottes de Samoun'),Traveller removal of crocodile mummies from Samoun caves,Author attribution from search-engine summary only; ResearchGate 403. Verify.,toponyms
"Griffith, Christina 2018. Dogs and Cats and Birds, Oh My! Expedition Magazine 60(3). Penn Museum.",2018,OTHER,https://www.penn.museum/sites/expedition/dogs-and-cats-and-birds-oh-my/,FULL_TEXT,Penn Museum,"E17631 (crocodile mummy containing three bodies, X-ray); E12441, L-55-13, E12438 (other animal mummies)",Official museum magazine; X-ray result for crocodile mummy E17631; mentions 'small crocodiles' among Penn animal mummies,Museum magazine (official webpage),usa_northeast
"Museo Archeologico Nazionale di Firenze (official blog), 'Le mummie animali del MAF', 13/16 April 2018.",2018,OTHER,https://museoarcheologiconazionaledifirenze.wordpress.com/tag/coccodrillo/,FULL_TEXT,Museo Archeologico Nazionale di Firenze,states the museum holds 65 animal mummies; 2 canid mummies acquired 2013,Official statement of 65 animal mummies; crocodile photo credited to Tezzele thesis,Does not itself identify MAF crocodile mummies,southern_europe
"Anderson, J. & Antoine, D. 2019. Scanning Sobek. Mummy of the Crocodile God. In: Porcier, S., Ikram, S., Pasquali, S. (eds), Creatures of Earth, Water and Sky. Essays on Animals in Ancient Egypt and Nubia. Leiden: Sidestone Press, pp. 31-37.",2019,EDITED_VOLUME_CHAPTER,https://britishmuseum.iro.bl.uk/concern/book_contributions/c305a66a-306f-4309-8acf-27d239b66491,ABSTRACT,British Museum,EA 38562 (Kom Ombo crocodile with hatchlings),CT study of BM Kom Ombo crocodile,Sidestone volume readable online at sidestone.com (not opened).,toponyms
"Anderson, J. & Antoine, D. 2019. Scanning Sobek: mummy of the crocodile god. In: Porcier, S., Ikram, S. & Pasquali, S. (eds), Creatures of Earth, Water, and Sky. Essays on Animals in Ancient Egypt and Nubia. Leiden: Sidestone Press, 31-37.",2019,EDITED_VOLUME_CHAPTER,UNKNOWN,FULL_TEXT,"British Museum | British Museum; Natural History Museum London (second de Morgan Kom Ombo crocodile, citing Whitehead & Keates 1981: 73)","large crocodile mummy from Kom Ombo (CT, radiocarbon) | BM EA 38562 (3.84 m crocodile with >25 hatchlings on back, Kom Ombo, presented by Egyptian Government 1895, CT and 14C UBA-29791 2518±27 BP); NHM London crocodile mummy (no number given)",British Museum crocodile CT study | Key BM crocodile study; acquisition history of Kom Ombo crocodiles from de Morgan 1893 excavation (>300 crocodile mummies excavated),Citation from De Cupere 2023 ref. 16; to verify in Sidestone open-access volume. | Supersedes earlier CITATION_ONLY entry for this chapter (now FULL_TEXT). Page 31 fig.1; pp.31-32 acquisition history.,literature
"Baber, T.T. 2019. Early Travellers and the Animal 'Mummy Pits' of Egypt. Exploration and Exploitation of the Animal Catacombs in the Age of Early Travel. In: Porcier, Ikram & Pasquali (eds), Creatures of Earth, Water, and Sky. Leiden: Sidestone, 67-86.",2019,EDITED_VOLUME_CHAPTER,https://www.sidestone.com/openaccess/9789088907722.pdf,FULL_TEXT,"British Museum (EA35730-2, EA6836-7, EA6847-9, EA35765: mummies from Maabdeh pits - species not stated); Museo Zoologico, Musei Scientifici dell'Università di Napoli Federico II (two mummified crocodile heads collected by P. Panceri, 1873-74)","BM EA35730-2, EA6836-7, EA6847-9, EA35765 (from Maabdeh; to verify if crocodiles); 2 crocodile heads Naples (p. 75 n. 32)",Maabdeh (Samoun) crocodile caves; travellers' removal of crocodile mummies to collections,"p. 75 and n. 32; cites Zimmer 1987, Effland 2003, Nongbri 2017, Legh 1816, Georges 1862, Postans 1845, Legrain 1900.",literature
"Bondetti, M., Porcier, S., Ménager, M. & Vieillescaze, C. 2019. Une analyse chimique de la composition de baumes de momies animales égyptiennes conservées au musée des Confluences (Lyon, France). In: Porcier, Ikram & Pasquali (eds), Creatures of Earth, Water, and Sky. Leiden: Sidestone, 109-117.",2019,EDITED_VOLUME_CHAPTER,https://www.sidestone.com/openaccess/9789088907722.pdf,FULL_TEXT,Musée des Confluences Lyon,Tab. 1: 9000 1841 Crocodile Kôm Ombo; 9000 2311 Bouc + crocodile Saqqarah; 9000 1984 Bébé crocodile n.r.; 9000 1192 Crocodile Kôm Ombo,Balm chemistry on 4 Lyon crocodile mummies with inventory numbers,Tab. 1 p. 110.,literature
"Ciccopiedi, Caterina (ed.), Archeologia invisibile, Torino/Modena 2019, pp. 60, 64-65, fig. 18.",2019,MUSEUM_CATALOGUE,UNKNOWN,CITATION_ONLY,Museo Egizio Torino,Cat. 2351/2 crocodile mummy,UNKNOWN,Exhibition catalogue; cited in Museo Egizio online record and Ikram et al. 2024,southern_europe
"Ikram, S. 2019. Shedding New Light on Old Corpses. Developments in the Field of Animal Mummy Studies. In: Porcier, Ikram & Pasquali (eds), Creatures of Earth, Water, and Sky. Leiden: Sidestone, 179-191.",2019,EDITED_VOLUME_CHAPTER,https://www.sidestone.com/openaccess/9789088907722.pdf,FULL_TEXT,Brooklyn Museum (Soulful Creatures exhibition); British Museum; Manchester Museum (Gifts for the Gods touring),UNKNOWN,Review of animal-mummy research; bibliography cites Nicolotti & Robert 1992 Lyon crocodile catalogue and de Gorostarzu 1901,Bibliography pp.189-191.,literature
"Oliva, C. & Borla, M. 2019. The Conservation of Animal Mummies. Problems and Possible Solutions. In: Porcier, Ikram & Pasquali (eds), Creatures of Earth, Water, and Sky. Leiden: Sidestone, 259-265.",2019,EDITED_VOLUME_CHAPTER,https://www.sidestone.com/openaccess/9789088907722.pdf,FULL_TEXT,Museo Egizio Turin (>120 animal mummies; Donati and Drovetti collections),Turin crocodile mummy Cat. 2351/02 (conserved; checked bandage pattern on back lost; reeds),"Turin crocodile conservation, bandaging observations","pp. 263-264 figs 4-5; cites Fabretti, Rossi & Lanzone 1882: 332-340 for Turin animal mummies; Raven & Taconis 2005 (Leiden radiological atlas).",literature
"Porcier, S. M., Berruyer, C., Pasquali, S., Ikram, S., Berthet, D. & Tafforeau, P. 2019. Wild crocodiles hunted to make mummies in Roman Egypt: Evidence from synchrotron imaging. Journal of Archaeological Science 110: 105009.",2019,PEER_REVIEWED,https://doi.org/10.1016/j.jas.2019.105009 ; abstract https://fount.aucegypt.edu/faculty_journal_articles/495/,FULL_TEXT,"Musée des Confluences, Lyon | Musée des Confluences Lyon; Manchester Museum (crocodile 'MM9, 1772', provenance unknown, citing McKnight et al. 2015b); British Museum EA 38562","MHNL 90001591 (crocodile mummy, Roman period, Kom Ombo) | MHNL 90001591 (main), MHNL 90001839-90001841 (crocodile heads, Kom Ombo), Manchester 'MM9, 1772', BM EA 38562",Synchrotron virtual autopsy of an MdC crocodile mummy. | Key synchrotron study; cross-references other museum crocodiles,Assignment brief suggested Montauban; the abstract shows the specimen is in Lyon (MdC). | Author list per HAL/Crossref; Tafforeau and Berthet in PDF header affiliations.,france;literature
"Porcier, S., Ikram, S. & Pasquali, S. (eds) 2019. Creatures of Earth, Water, and Sky: Essays on Animals in Ancient Egypt and Nubia. Leiden: Sidestone Press. ISBN 978-90-8890-772-2 (open access).",2019,MONOGRAPH,https://www.sidestone.com/openaccess/9789088907722.pdf,FULL_TEXT,"British Museum; Natural History Museum London; Musée des Confluences Lyon; Museo Egizio Turin; Museo Zoologico, Università di Napoli Federico II; Manchester Museum; C2RMF Paris; National Museums Liverpool","BM EA 38562; Lyon MHNL 90001193, 90001372, 90001944, 90001591, 90001390, 90001984, 90001387, 90001192, 90001841, 90002311; Turin Cat. 2351/02",Proceedings of ISAAE 1 (Lyon 2016); several chapters with crocodile mummy inventory numbers,Full PDF read (358 pp).,literature
"Porcier, S., Richardin, P., Louarn, G., Ikram, S. & Berthet, D. 2019. Datations par le carbone 14 de 63 momies animales du musée des Confluences à Lyon (France). In: Porcier, Ikram & Pasquali (eds), Creatures of Earth, Water, and Sky. Leiden: Sidestone, 283-292.",2019,EDITED_VOLUME_CHAPTER,https://www.sidestone.com/openaccess/9789088907722.pdf,FULL_TEXT,Musée des Confluences Lyon (>2500 animal mummies); C2RMF,"8 crocodile mummies 14C dated: MHNL 90001193, 90001372 (Esna), 90001944, 90001591, 90001390, 90001984, 90001387 (Kom Ombo), 90001192 (Kom Ombo); photo MHNL 90002311 (bouc et crocodile)",Inventory numbers + dates for Lyon crocodiles,Tab. 1 pp. 287-289; Fig. 1C photo of MHNL 90001193.,literature
"Porcier, S.M., Berruyer, C., Pasquali, S., Ikram, S., Berthet, D., Tafforeau, P. 2019. Wild crocodiles hunted to make mummies in Roman Egypt: Evidence from synchrotron imaging. Journal of Archaeological Science 110: 105009.",2019,PEER_REVIEWED,https://fount.aucegypt.edu/faculty_journal_articles/495/,ABSTRACT,"Musée des Confluences, Lyon",MHNL 90001591 (Kom Ombo),Kom Ombo provenance of a Lyon specimen,ScienceDirect 403.,toponyms
"UC Berkeley Library / Bancroft Library. 2019-2020. 'Object Lessons' exhibition guide, section 'Dying' (curated by Emily Cole and Andrew Hogan).",2019,OTHER,https://guides.lib.berkeley.edu/objectlessons/dying,FULL_TEXT,Phoebe A. Hearst Museum of Anthropology; Center for the Tebtunis Papyri; Egypt Exploration Society (photo GR.NEG.067); Art Gallery of Ontario (Bagnani fonds photos),"Hearst 6-20100 (CT scan: skull in place, body stuffed with bones, reeds and rope); 6-21633; 6-21634",CT result for 6-20100; exhibit captions,Mentions Hunt photograph of crocodile and cat mummies at Tebtunis 1899-1900 (EES GR.NEG.067) and Bagnani photographs of the crocodile cemetery c.1934 (AGO archives).,usa_midwest_west
"Berruyer, C., Porcier, S. M. & Tafforeau, P. 2020. Synchrotron 'virtual archaeozoology' reveals how Ancient Egyptians prepared a decaying crocodile cadaver for mummification. PLOS ONE 15(2): e0229140.",2020,PEER_REVIEWED,https://doi.org/10.1371/journal.pone.0229140,FULL_TEXT,"Musée des Confluences, Lyon | Musée des Confluences Lyon; ESRF Grenoble","MHNL 90001850 (crocodile mummy in two parts: head 21.1 cm, body 40.4 cm, preserved length 55 cm; Esna or Kom Ombo per Lortet & Gaillard) | MHNL 90001850",Synchrotron study of an MdC crocodile mummy; cites Nicolotti & Robert 1994 catalogue of Lyon crocodile mummies. | Detailed study of one Lyon crocodile mummy,Full text XML read.,france;literature
"Berruyer, C., Porcier, S.M., Tafforeau, P. 2020. Synchrotron 'virtual archaeozoology' reveals how Ancient Egyptians prepared a decaying crocodile cadaver for mummification. PLoS ONE 15(2): e0229140.",2020,PEER_REVIEWED,https://pmc.ncbi.nlm.nih.gov/articles/PMC7034907/,FULL_TEXT,"Musée des Confluences, Lyon",MHNL 90001850 (Esna or Kom Ombo),Lyon crocodile provenance discussion,UNKNOWN,toponyms
"González, M., Begerock, A. M., Leonard, Y. & Faltings, D. 2020. El despertar de la 'Bella Durmiente': pasado, presente y futuro de la Sala Egipcia del Museo Provincial Emilio Bacardí Moreau, Santiago de Cuba. Trabajos de Egiptología / Papers on Ancient Egypt 11 (2020): c. 141-149. doi:10.25145/j.TdE.2020.11.09",2020,PEER_REVIEWED,http://doi.org/10.25145/j.TdE.2020.11.09 ; https://riull.ull.es/xmlui/handle/915/22541,FULL_TEXT,"Museo Provincial Emilio Bacardí Moreau, Santiago de Cuba","animal mummies acquired 1912: juvenile crocodile, cat, falcon, ibis",Identifies Bacardí crocodile mummy,page range approximate from PDF running heads (142-149),rest_of_world
"Hekkala, E.R., Aardema, M.L., Narechania, A., Amato, G., Ikram, S., Shirley, M.H., Vliet, K.A., Cunningham, S.W., Gilbert, M.T.P. & Smith, O. 2020. The secrets of Sobek - A crocodile mummy mitogenome from ancient Egypt. Journal of Archaeological Science: Reports 33: 102483.",2020,PEER_REVIEWED,https://doi.org/10.1016/j.jasrep.2020.102483 ; OA PDF https://www.naturmuseum.at/wp-content/uploads/2019/09/The_secrets_of_Sobek_-_A_crocodile_mummy_mitogenom.pdf,FULL_TEXT,"Natural History Museum of the Salzkammergut (Ebensee, AT); British Museum EA 38562; Egyptian Museum Cairo CG 29628, CG 29630; AMNH (modern comparative specimens only); former Moor Museum Bad Neydharting",NMSG-A adult crocodile mummy 2.5 m (Kom Ombo?); BM EA 38562; CG 29628; CG 29630,aDNA of adult crocodile mummy; identifies Salzkammergut specimen,CC BY-NC-ND open access.,literature
"M. de Bakker et al., [article on CT of animal mummies, RMO Leiden], Visions 35 (Canon Medical Systems, 2020)",2020,OTHER,https://ca.medical.canon/publication/ct/V35_CTEU200150,CITATION_ONLY,Rijksmuseum van Oudheden Leiden,AMM 16h,CT of AMM 16h (per snippet: only adult crocodile skull without mandible on a stick),Page 404/403 when checked,benelux_alpine
"Salvemini, F.; Lord, C.; Richards, C. 2020. 'Neutron Imaging, a Key Scientific Analytical Tool for the Cultural Heritage Project at ANSTO - Investigation of Egyptian Votive Mummies.' Materials Research Proceedings 15 (Neutron Radiography WCNR-11).",2020,CONFERENCE,https://doi.org/10.21741/9781644900574-40,CITATION_ONLY,"Chau Chak Wing Museum / Nicholson Collection, University of Sydney; ANSTO",Nicholson Collection votive mummies (specific objects not verified from this paper),Neutron imaging of Nicholson animal mummies (cited on Chau Chak Wing Animal Mummy Research Project page),Citation taken from sydney.edu.au Animal Mummy Research Project page; paper not read.,canada_oceania
"Begerock, A.-M., Rangel, A., González, M., Martínez, I., Leonard, Y., Reyes, R., Vento, E., Baptista, R., Drozdová, E., Verano, J., Faltings, D., Segura, P., Clados, C., Thiemer-Sachse, U., Möller, D. & Machado, D. 2021. The Cuban Mummy Project: un proyecto interdisciplinar e internacional para la investigación de las momias existentes en Cuba. Cuba Arqueológica 14(1): 33-46.",2021,PEER_REVIEWED,https://cubaarqueologica.com/wp-content/uploads/2024/02/ra14n1-04.pdf,FULL_TEXT,Museo Bacardí (Santiago de Cuba); Museo Nacional de Bellas Artes (La Habana),Egyptian animal mummies in Bacardí deposits (species not listed); Havana: coffin and cartonnage from TT 192 donated 1974,Current location (storage) of Bacardí animal mummies,Cites Álvarez Sosa et al. 2015 and Lipińska 1982,rest_of_world
"Berruyer, C. 2021. Synchrotron X-ray imaging contribution to the study of animal mummification in ancient Egypt: archaeozoological study of crocodile mummies (Ptolemaic and Roman periods). Doctoral dissertation, Université Lumière Lyon 2.",2021,THESIS,https://doi.org/10.70675/a424b201z8c5dz4caeza6c7zb797a216b2e5,CITATION_ONLY,Musée des Confluences Lyon; ESRF Grenoble (imaging),UNKNOWN (to be checked),Dedicated thesis on crocodile mummies (Lyon collection); high priority,Cited by De Cupere 2023 ref. 9; DOI found via Crossref query 'mummified crocodile'.,literature
"Berruyer, C. 2021. Synchrotron X-ray imaging contribution to the study of animal mummification in ancient Egypt: archaeozoological study of crocodile mummies (Ptolemaic and Roman periods). Doctoral dissertation, Université Lumière Lyon 2.",2021,THESIS,UNKNOWN,CITATION_ONLY,Musée des Confluences and others (per citation in De Cupere et al. 2023: 'Many museums worldwide have Egyptian animal mummies ... among them are often crocodiles [9]'),UNKNOWN,Likely contains a survey of crocodile mummies in museum collections - high-value snowball source,Check theses.fr / HAL for full text.,toponyms
"Brice, Anne. 2021. 'What crocodile mummies can tell us about everyday life in ancient Egypt.' Berkeley News (UC Berkeley), 2 March 2021 (Fiat Vox episode #70).",2021,OTHER,https://news.berkeley.edu/2021/03/02/crocodile-mummies/,FULL_TEXT,Phoebe A. Hearst Museum of Anthropology; Center for the Tebtunis Papyri (Bancroft Library),Hearst 5-513 (unwrapped adult with 30 baby crocodile mummies on its back),Official statement: 19 crocodile mummies and mummy parts at Hearst; interview with curator Rita Lucarelli,Institutional news page (OFFICIAL_WEBPAGE).,usa_midwest_west
"Shimizu, Marina 2021. Crocodile Worship: Cultic Niches for Crocodile Mummies in Local Temples. In H. Kawanishi, S. Tsujimura and T. Hanasaka (eds.), Akoris Archaeological Project, Preliminary Report Akoris 2020, Tsukuba: 16-22.",2021,EXCAVATION_REPORT,https://cir.nii.ac.jp/crid/1010013168622965248,CITATION_ONLY,Akoris (Tehna el-Gebel) site,UNKNOWN,Akoris crocodile cult niches and crocodile mummies (Japanese mission),KAKEN product record PRODUCT-23920852; text not accessed.,east_asia
"Tamburini, D., Dyer, J., Vandenbeusch, M., Borla, M., Angelici, D., Aceto, M., Oliva, C., Facchetti, F., Aicardi, S., Davit, P. & Gulmini, M. 2021. A multi-scalar investigation of the colouring materials used in textile wrappings of Egyptian votive animal mummies. Heritage Science 9: 106.",2021,PEER_REVIEWED,UNKNOWN,CITATION_ONLY,British Museum and Museo Egizio Turin (likely; to check),to check for crocodile mummies,Coloured bandages of animal mummies - relevant for wrapping study,Heritage Science is OA; to read.,literature
"Tamburini, Diego, Joanne Dyer, Marie Vandenbeusch, Matilde Borla, Debora Angelici, Maurizio Aceto, Cinzia Oliva, Federica Facchetti, Sara Aicardi, Patrizia Davit and Monica Gulmini, A multi-scalar investigation of the colouring materials used in textile wrappings of Egyptian votive animal mummies, Heritage Science 9 (2021), article 106.",2021,PEER_REVIEWED,https://www.nature.com/articles/s40494-021-00585-2,CITATION_ONLY,Museo Egizio Torino; British Museum,"Turin Cat. 2351/2, Provv. 1443 (tab. 2)",UNKNOWN,"Cited in Ikram et al. 2024; URL from web search result, not opened",southern_europe
"Tarasenko, M.O. 2021. Egyptian mummies in Ukrainian museums: an overview. Journal of the Hellenic Institute of Egyptology 4: 145-150.",2021,PEER_REVIEWED,https://doi.org/10.5281/zenodo.5775564,CITATION_ONLY,"Ukrainian museums (Odesa, Kyiv, Dnipro, Lviv)","crocodile, snake, cat mummies",Overview of Egyptian mummies (incl. animals) in Ukraine,Zenodo OA - to read.,literature
"Chudzik, P. & Iwaszczuk, U. 2022. 'A Crocodile Spirit, Crocodile-Faced': discovery of crocodile remains in the Early Middle Kingdom tombs of the North Asasif necropolis in western Thebes (Egypt). Journal of African Archaeology 20: 107-124.",2022,PEER_REVIEWED,https://doi.org/10.1163/21915784-bja10016,CITATION_ONLY,UNKNOWN,scattered crocodile remains (not necessarily mummified) from North Asasif,Excavation context; low for museum corpus,From De Cupere 2023 ref. 19 and Crossref.,literature
"Chudzik, P. & Iwaszczuk, U. 2022. 'A Crocodile Spirit, Crocodile-Faced': discovery of crocodile remains in the Early Middle Kingdom tombs of the North Asasif necropolis in western Thebes (Egypt). Journal of African Archaeology 20: 107-124.",2022,PEER_REVIEWED,UNKNOWN,CITATION_ONLY,UNKNOWN,Crocodile remains North Asasif (Thebes),Thebes crocodile burials (probably not mummified/remain in Egypt),UNKNOWN,toponyms
"Gander, Manuela; Loth, Marc 2022. Faszination Ägypten. Dresden: Staatliche Kunstsammlungen Dresden, Skulpturensammlung. p. 77, no. 8 (a), ill. p. 76 (English ed.: The fascination of Egypt: selected works from the Dresden Skulpturensammlung)",2022,MUSEUM_CATALOGUE,https://skd-online-collection.skd.museum/Details/Index/1296154,CITATION_ONLY,"Staatliche Kunstsammlungen Dresden, Skulpturensammlung",Aeg 736,Catalogue entry for the Dresden crocodile mummy,Citation from SKD online record.,germany
"Hekkala, E. R., Colten, R., Cunningham, S. W., Smith, O. & Ikram, S. 2022. Using Mitogenomes to Explore the Social and Ecological Contexts of Crocodile Mummification in Ancient Egypt. Bulletin of the Peabody Museum of Natural History 63(1): 3-14.",2022,PEER_REVIEWED,https://par.nsf.gov/servlets/purl/10511480,FULL_TEXT,"Yale Peabody Museum (New Haven, US); Muséum national d'Histoire naturelle (Paris, FR); Natural History Museum of the Salzkammergut (AT); Egyptian Museum Cairo; British Museum; Phoebe A. Hearst Museum; Sharm el-Sheikh Museum","Table 1: YPM ANT 021829, 006435.001-.008; NMSG-A adult (Kom Ombo); MNHN-RA-1886.445, 1986.1471, 1986.1473, 1986.1475, 1986.1478, 1986.1479, 1986.148 [sic]; text: CG 29628 (Cairo), BM EA38562, PAHMA 55-13, Sharm el-Sheikh (no number)",aDNA identification of crocodile mummies; confirms MNHN crocodile mummies from Thebes and Samoun.,"MNHN samples were first published in Hekkala, Shirley et al. 2011, Molecular Ecology 20 (not accessed directly).",france
"Hekkala, E.R., Colten, R., Cunningham, S.W., Smith, O. & Ikram, S. 2022. Using mitogenomes to explore the social and ecological contexts of crocodile mummification in ancient Egypt. Bulletin of the Peabody Museum of Natural History 63: 3-14.",2022,PEER_REVIEWED,https://doi.org/10.3374/014.063.0101,FULL_TEXT,"UNKNOWN (to be checked; Peabody Museum Yale?) | Yale Peabody Museum (9 crocodile mummies, Barringer coll.); MNHN Paris (7 sampled mummies); NMSG-A Austria; Egyptian Museum Cairo CG 29628; British Museum EA38562; Phoebe A. Hearst Museum 55-12, 55-13, 55-14; Sharm el-Sheikh Museum (no number, probably Saqqara)","two hatchlings of unknown provenance radiocarbon dated (per De Cupere 2023) | YPM ANT 021829, 006435.001-.008; MNHN-RA-1886.445, 1986.1471, .1473, .1475, .1478, .1479, 1986.148; Hearst 55-12/13/14; CG 29628; EA38562",aDNA of crocodile mummies | Table 1 lists all crocodile mummies genetically analysed to date with catalogue numbers,Citation from De Cupere 2023 ref. 32. | Supersedes earlier CITATION_ONLY entry for this work. Full text via NSF Public Access Repository.,literature
"Hekkala, E.R., Colten, R., Cunningham, S.W., Smith, O., Ikram, S. 2022. Using mitogenomes to explore the social and ecological contexts of crocodile mummification in ancient Egypt. Bulletin of the Peabody Museum of Natural History 63: 3-14.",2022,PEER_REVIEWED,UNKNOWN,CITATION_ONLY,Yale Peabody Museum of Natural History,Two crocodile hatchling mummies of unknown provenance radiocarbon-dated on skin,Yale Peabody holding,Cited in De Cupere et al. 2023,toponyms
"Onderka, P. and Přikryl, T. 2022. Fish Mummies in the Collections of the Náprstek Museum – Preliminary Report. Annals of the Náprstek Museum 43/2, pp. 191-206. DOI 10.37520/anpm.2022.017",2022,PEER_REVIEWED,https://publikace.nm.cz/en/file/2bcc701618423b77a01bf9ebf608da77/37287/ANNALS_43-02-2022_Blok_onderka_prikryl.pdf,FULL_TEXT,"Náprstek Museum (National Museum, Prague)","Fish P 604, P 605, P 606, P 610a; small crocodile mummies P 610b, P 610c, P 610d, P 610e (from same bundle as P 610a)",Current (2022) confirmation that crocodile mummies P 610b-e are held by the Náprstek Museum; CT within Atlas of Egyptian Mummies in the Czech Collections project.,Cites Strouhal & Vyhnánek 1979 Cat. 105 for P 610.,central_east_europe
"Sakaue, Kazuhiro 2022. Inventory of the human mummy specimens stored in Japan. Bulletin of the National Museum of Nature and Science, Series D (Anthropology) 48: 1-9.",2022,PEER_REVIEWED,https://www.kahaku.go.jp/albums/abm.php?d=4781&f=abm00002596.pdf&n=L_BNMNS_D48_1.pdf,FULL_TEXT,University of Tokyo; Tokyo National Museum; Gunma Museum of Natural History; Kyoto University; Niigata University; St. Marianna University; Tenri Sankokan; National Museum of Ethnology; NMNS,"64 human mummy specimens; Egyptian human mummies at UTokyo (3), TNM (1), Gunma MNH (Nos.1-6), Kyoto Univ. (>=3)",negative/contextual: survey of mummies in Japan covers human mummies only; identifies institutions with Egyptian human remains (candidates for animal mummies),No animal mummies included by design.,east_asia
"Salvemini, F. 2022. 'Cultural Heritage Project at Australian Nuclear Science and Technology Organisation (ANSTO).' In: Springer volume, chapter 15.",2022,EDITED_VOLUME_CHAPTER,https://doi.org/10.1007/978-3-030-60016-7_15,CITATION_ONLY,Chau Chak Wing Museum (University of Sydney); ANSTO,UNKNOWN,Cited by Chau Chak Wing Animal Mummy Research Project,Not read; citation from sydney.edu.au page.,canada_oceania
"De Cupere, B., Van Neer, W., Barba Colmenero, V., Jiménez Serrano, A. & Dardeniz Arikan, G. 2023. Newly discovered crocodile mummies of variable quality from an undisturbed tomb at Qubbat al-Hawā (Aswan, Egypt). PLOS ONE 18(1): e0279137.",2023,PEER_REVIEWED,https://journals.plos.org/plosone/article?id=10.1371/journal.pone.0279137,FULL_TEXT,"Qubbat al-Hawa tomb QH34ll (finds stored on site); Egyptian Museum Cairo; Crocodile Museum Kom Ombo (selection of Kom Ombo mummies displayed); Musée des Confluences Lyon (MHNL 90001591); British Museum (EA 38562); Manchester Museum (1772, AEABB90); Yale Peabody Museum | Musée des Confluences Lyon (c. 300 crocodile mummies, citing Nicolotti & Robert 1994); Egyptian Museum Cairo; Manchester Museum (X-ray/CT, citing McKnight et al. 2015); British Museum (large crocodile from Kom Ombo, CT, citing Anderson & Antoine 2019; radiocarbon); Qubbat al-Hawa tomb QH34ll (finds stored on site) | Musée des Confluences Lyon; British Museum; Manchester Museum; Egyptian Museum Cairo; Yale Peabody Museum","Qubbat al-Hawa crocodiles #1, #3, #4, #5, #6, #7, #8, #9, #10, #11 (crocodile #2 merged with #4) | 10 crocodiles from tomb QH34ll (5 isolated skulls, 4 more or less complete skeletons, 1 articulated mummified specimen; excavation nos. #1-#11, #2 merged with #4); finds 'studied on site and are also currently stored there' | BM EA 38562 (Kom Ombo); Lyon MHNL 90001591 (Kom Ombo); Manchester Museum acquisition no. 1772; Qubbat al-Hawa 2019 finds: 5 bodies + 5 heads","Only fully published crocodile-mummy find stored in Egypt that I found; states 'The crocodile finds from tomb QH34ll have been studied on site and are also currently stored there.' | Core recent study; gives literature overview of crocodile cemeteries and museum studies; source for Lyon count (~300 crocodile mummies, 80% juveniles) | Key synthesis of crocodile cemeteries (Fayum, Maabda, Esna, Kom Ombo, Qubbat al-Hawa) and museum specimens; reference list is a snowball source","Licence CC BY 4.0. Refs to Berruyer 2021 thesis (Lyon 2) as survey of crocodile mummies worldwide. | Full text XML read via journals.plos.org. States Kessler 1989 and Ikram 2005 cite >20 animal cemeteries with crocodile burials. | Qubbat al-Hawa crocodiles (tombs QH34ff-ll area, 2019) - storage location not stated.",egypt;literature;toponyms
"Hertzog, J., Fujii, H., Žostautaitė, R., Lattuati-Derieux, A. et al. 2023. Unravelling the Egyptian embalming materials by a multi-method approach comprising high-resolution mass spectrometry. Journal of Archaeological Science: Reports 2023: 103861.",2023,PEER_REVIEWED,https://doi.org/10.1016/j.jasrep.2023.103861 ; https://hal.univ-lorraine.fr/hal-04503931v1,ABSTRACT,UNKNOWN (probably Musée des Confluences / C2RMF),embalming material of Egyptian crocodile mummies (numbers not seen),Chemistry of crocodile mummy balms; check full text for inventory numbers,Found via HAL API query.,literature
"Hertzog, J., Fujii, H., Žostautaitė, R., Lattuati-Derieux, A., et al. 2023. Unravelling the Egyptian embalming materials by a multi-method approach comprising high-resolution mass spectrometry. (HAL hal-04503931).",2023,PEER_REVIEWED,https://hal.univ-lorraine.fr/hal-04503931/document,FULL_TEXT,"Musée des Confluences, Lyon","Crocodile skulls 90001840, 90001841; Lyon collection 'comprises 303 crocodile mummies', most from Esna",Count and provenance statement (Esna) for Lyon crocodile mummies,UNKNOWN,toponyms
"Piombino-Mascali, D., Jankauskas, R., Piličiauskienė, G., Girčius, R., Ikram, S., Caliò, L.M. & Messina, A. 2023. Crocodile rock! A bioarchaeological study of ancient Egyptian reptile remains from the National Museum of Lithuania. Archaeologia Lituana 24: 115-123.",2023,PEER_REVIEWED,https://doi.org/10.15388/ArchLit.2023.24.7,FULL_TEXT,National Museum of Lithuania,"ancient Egyptian reptile (crocodile?) remains - to check | IM 4979 (3 fragments, >=2 baby crocodiles)",Possible crocodile mummy in Vilnius | Vilnius crocodile remains,Cited in Yanish et al. 2025; to be read. | Full text read (supersedes CITATION_ONLY entry).,literature
"Pirelli, R., Pubblico, M.D. & Ikram, S. 2023. A Study of Egyptian Animal Mummy Styles (SEAMS) Project: An Introduction. In: Pirelli, R., Pubblico, M.D. & Ikram, S. (eds), Animals in Religion, Economy and Daily Life of Ancient Egypt and Beyond (Serie Egittologica 4). Naples: Unior Press, 186-196.",2023,EDITED_VOLUME_CHAPTER,https://doi.org/10.6093/978-88-6719-285-4,CITATION_ONLY,UNKNOWN,UNKNOWN,SEAMS project on wrapping styles; volume likely OA (Unior Press) - check for crocodiles,From Pubblico 2025 refs.,literature
"Acolat, D. 2024. Des aventures macabres dans le désert à la découverte de momies : les grottes aux crocodiles de Maabdeh-Manfalout en Egypte, objets de visites et de collections originales. In: Autour du fonds Poinssot : Aventuriers en Afrique du Nord, pp. 51-81.",2024,EDITED_VOLUME_CHAPTER,https://univ-brest.hal.science/hal-04731010v1,ABSTRACT,UNKNOWN (abstract: souvenirs now dispersed in museum and private collections),Maabdeh-Manfalout crocodile mummies in collections,Key study reconstructing the dispersal of Maabdeh/Manfalut crocodile mummies into museum collections - HIGH priority to obtain,No PDF on HAL.,toponyms
"British Museum 2024. Animal mummies: from beliefs to practice. The Annual Egyptological Colloquium, 31 Oct-1 Nov 2024. Abstracts.",2024,CONFERENCE,https://www.britishmuseum.org/sites/default/files/2024-11/Animal_mummies_from_beliefs_to_practice_abstracts.pdf,FULL_TEXT,"British Museum; Natural History Museum London; Bolton Museum; Plymouth; Manchester Museum; Metropolitan Museum; National Museum Warsaw; Turin, Milan, Vatican",BM EA 37347 (mummified crocodile); BM 4-m Kom Ombo crocodile; MMA 90.6.115 crocodile mummy,Official confirmation of BM crocodile mummies; leads,UNKNOWN,uk_south
"Ikram, S., Aicardi, S. & Facchetti, F. 2024. The Animal Mummies of the Museo Egizio, Turin. Studi del Museo Egizio 5. Turin: Museo Egizio.",2024,MUSEUM_CATALOGUE,UNKNOWN,CITATION_ONLY,Museo Egizio Turin,full catalogue of Turin animal mummies (crocodiles expected),KEY museum catalogue for Turin,Cited in Pubblico 2025 ref. list (Crossref). Possibly OA on museoegizio.it - check.,literature
"Ikram, S., Aicardi, S., Facchetti, F. 2024. The animal mummies of the Museo Egizio, Turin (Studi del Museo Egizio 5). Torino: Museo Egizio / Modena: Franco Cosimo Panini.",2024,MUSEUM_CATALOGUE,https://collezioni.museoegizio.it/it-IT/material/Cat_2351_02,CITATION_ONLY,"Museo Egizio, Turin","Crocodile mummies pp. c.335-350 (Cat. 2351/01-02, 2353/10-11, Provv. 1443, 1444, 1447, 1458/n.8-9-12, 1461/n.16, 1462); p. 282 Provv. 1515/03",Full scholarly catalogue of Turin animal mummies incl. crocodiles,Cited in Turin online records.,toponyms
"Ikram, Salima, Sara Aicardi and Federica Facchetti (eds.), The Animal Mummies of the Museo Egizio, Turin (Studi del Museo Egizio 5), Torino: Museo Egizio / Modena: Franco Cosimo Panini 2024. Crocodiles: chapter 8.12, pp. 334-351, cat. Nos. 149-163.",2024,MUSEUM_CATALOGUE,https://shop.museoegizio.it/media/fcp/pdf/9788857020136a.pdf,FULL_TEXT,"Museo Egizio Torino; parallels cited: Milan CMA (E 0.9.41359 crocodile), Liverpool NML 14289, Brussels MRAH E 1229, Leiden RMO AMM 16g/16i/16k, Cairo EMC CG 29630, Berkeley HM 5-514, Maidstone MaM EA19/1, EA496, EA503-504, Stockholm NME 1961:256-62, Vienna KHM 264-65, 275-89, 292, Washington NMNH AT 5604-0, Chicago OIM E714, Manchester MM 12008, 12010, Philadelphia Penn 97-121-3, Gotha SSFG Ae 1153","Turin Cat. 2351/1 (No.149), Cat. 2351/2 (150), Provv. 1443 (151), Provv. 1444 (152), Provv. 1447 (153), Provv. 1458/1 (154), 1458/2 (155), 1458/3 (156), Provv. 1461/1 (157), 1461/2 (158), 1461/3 (159), Provv. 1462 (160), Cat. 2353/1 (161), Cat. 2353/2 (162), Suppl. 9483/2 (163)","Definitive catalogue of Turin crocodile mummies with CT, 14C, textile analysis; also gives list of parallels in other collections",PDF (466 pp.) downloaded from Museo Egizio shop domain; text extracted with PyMuPDF. Table 4 (p.75) lists 8 radiocarbon-dated crocodiles.,southern_europe
"McKnight, L.M., Bibb, R. & Cooper, F. 2024. Seeing is believing - the application of three-dimensional modelling technologies to reconstruct the final hours in the life of an ancient Egyptian crocodile. Digital Applications in Archaeology and Cultural Heritage 34: e00356.",2024,PEER_REVIEWED,https://doi.org/10.1016/j.daach.2024.e00356,CITATION_ONLY,"UNKNOWN (to check) | Birmingham Museum and Art Gallery (2005.335); Manchester Museum (Accession no. 1772 per search-engine snippet of the article text, not opened)","one crocodile mummy (to check) | Birmingham Museum and Art Gallery 2005.335 (2.2 m crocodile mummy with fish hook and fish in stomach); Manchester Museum 1772 (crocodile with fatal skull injury, cited from McKnight 2015) - snippet only",CT/3D study of a crocodile mummy | Full text blocked (ScienceDirect 403; Manchester Research Explorer AAM .docx 403 Cloudflare). Content known from University of Manchester news releases (12 July 2024; 2 Aug 2024).,Cited in Yanish et al. 2025. | Metadata via Crossref API.,literature;uk_north
"ÉTS Montréal (Reznikov, N.; Nelson, A.; Brailovski, V.; Lussier, A.; Howell, A. et al.). 8 April 2024. '3D X-Ray Micro-CT Unveils Secrets of Ancient Egyptian Animal Mummies.' ÉTS news/research article.",2024,OTHER,https://www.etsmtl.ca/en/news/devoiler-les-secrets-des-momies-animales-de-legypte-ancienne,FULL_TEXT,Redpath Museum (McGill); ÉTS Montréal; Western University,"Crocodile 2725.01; Crocodile 2725.02; cat 2728.01; falcons 2726.02, 5731; ibises 2727.01, 2727.02 (one ibis a pseudo-mummy)",Micro-CT of 2 Redpath juvenile crocodile mummies with catalogue numbers,"Research news article, not peer-reviewed; a formal publication not located.",canada_oceania
"B. van den Bercken (ed.), Animal Mummies. From Research to Outreach at the Allard Pierson (Leiden: Sidestone Press 2025), 122 pp., CC BY-NC-ND 4.0",2025,MONOGRAPH,https://doi.org/10.59641/a1d7x8y9z0,ABSTRACT,"Allard Pierson, Amsterdam",Allard Pierson crocodile mummy (inventory not seen),"Chapters on crocodile mummy, CT, conservation",Full text in Sidestone online reader,benelux_alpine
"Ikram, S., Vandenbeusch, M., Borla, M. & Oliva, C. 2025. It's a Wrap! Bandaging Patterns on Animal Mummies from Ancient Egypt. Rivista del Museo Egizio 9.",2025,PEER_REVIEWED,https://doi.org/10.29353/rime..7357 ; https://rivista.museoegizio.it/article/its-a-wrap-bandaging-patterns-on-animal-mummies-from-ancient-egypt/,FULL_TEXT,Egyptian Museum Cairo (Animal Mummy Project); British Museum; Museo Egizio Turin; Louvre; Metropolitan Museum; Sharm el-Sheikh Museum; S.A.I. Museo Scerrato Naples; Djehuty Project,"Crocodiles: Cairo CG 29816 bis (Fig. 1, caption 'CG 29816'), BM EA 37347 (Fig. 3), Turin P. 1458/12 (Fig. 11)","ESSENTIAL for the later bandaging comparison: first typology of animal-mummy wrapping (Types A-E with subtypes, shapes Annex 1, glossary Annex 2); notes which types occur on crocodile backs (C, D subtypes) and young crocodiles (A4); spirals on crocodile tails",Full text HTML read. Also cites Ikram 2004 'A Zoo for Eternity: Animal Mummies in the Cairo Museum' and Ikram 2001 KMT 12/4 'The Animal Mummy Project'.,literature
"Pubblico, Maria Diletta. 2025. Wrapping Matters: Unpacking the Materiality of Votive Animal Mummies. Heritage 8(10): 415.",2025,PEER_REVIEWED,https://doi.org/10.3390/heritage8100415 ; PDF https://mdpi-res.com/d_attachment/heritage/heritage-08-00415/article_deploy/heritage-08-00415.pdf,FULL_TEXT,"Musée du Louvre (Paris); Musée des Confluences (Lyon); Manchester Museum; Carnegie Museum of Natural History (Pittsburgh); Phoebe A. Hearst Museum (Berkeley); Sharm El-Sheikh Museum of Antiquities; British Museum; Brooklyn Museum; Museo Egizio; MFA Boston; Petrie Museum; Rosicrucian Egyptian Museum; World Museum Liverpool; Yale Peabody; National Museum of Denmark; Univ. Naples L'Orientale (OSA); AMUM Memphis; RAFFMA | 20 museum collections incl. Manchester Museum (crocodiles 7892, 12008), Carnegie Museum of Natural History (crocodile 1867-4), Phoebe A. Hearst Museum (crocodile 6-21633), Sharm El-Sheikh Museum of Antiquities (crocodile, no no.); also Brooklyn, BM, Durham Oriental Museum, Egyptian Museum Cairo, ISAC Chicago, Louvre, MAN Firenze, Met, Museo Egizio, MFA Boston, Musée des Confluences, NMNH, Penn Museum, Petrie Museum, Rosicrucian, San Antonio MA, World Museum Liverpool, Yale Peabody","Crocodile mummies explicitly named: MM 7892 (Manchester, fig. 5d), MM 12008 (Manchester, fig. 17), CMNH 1867-4 (Carnegie, fig. 14b), PAHMA 6-21633 (Hearst, fig. 15c), unnumbered crocodile mummy at Sharm El-Sheikh Museum. Louvre specimens cited without species in text: E 5832 (Louvre DB: crocodile), N 2901 ter (lozenge pattern on back, mouth with painted teeth; species not stated in text), E 2803, E 2810, E 2811, E 2814, E 2815 (cat), N 2678 C/D, N 2886 C, N 3505, N 3656. MdC 90001201, 90001236, 90002381 (species not stated). | Crocodiles: MM 7892, MM 12008, CMNH 1867-4, PAHMA 6-21633, Sharm el-Sheikh (unnumbered)","Wrapping-pattern typology of votive animal mummies incl. crocodiles; useful for later image comparison. | ESSENTIAL for wrapping study: chaîne opératoire, shapes, decorative patterns with 3D models; crocodile dorsal patterns",mdpi.com HTML returned 403; PDF via mdpi-res.com retrieved and text-extracted. | MDPI HTML blocked (403) but PDF from mdpi-res.com downloaded and read.,france;literature
"Yanish, Y., Piombino-Mascali, D., Rosendahl, W., Chen, S., Oras, E. & Tarasenko, M. 2025. An Egyptian Mummified Crocodile from the Kyiv-Pechersk Lavra National Preserve (Ukraine): Archaeological and Morphological Considerations. Archaeologia Lituana 26: 246-261.",2025,PEER_REVIEWED,https://doi.org/10.15388/archlit.2025.26.10,FULL_TEXT,"Kyiv-Pechersk Lavra National Preserve (KPL Arh-826); Odesa Archaeological Museum NASU (crocodile mummy Inv. 1208; 2 snakes); D.I. Yavornytsky National Historical Museum of Dnipro (crocodile mummies); Lviv Museum of the History of Religion (cat); Reiss-Engelhorn-Museen Mannheim (14C lab); Phoebe A. Hearst Museum (CT of crocodile mummy by R. Fahrig 2010, fig.) | Kyiv-Pechersk Lavra National Preserve; Odesa Archaeological Museum; Dnipro Yavornytsky National Historical Museum; Hearst Museum (CT image)",KPL Arh-826; OAM Inv. 1208 | KPL Arh-826; OAM (?) 1208; four crocodile mummies in Ukraine,Only study of Ukrainian crocodile mummies; states 4 crocodile mummies in Ukrainian museums | New Ukrainian holdings,"Refs snowballed: Piombino-Mascali et al. 2023 (Lithuania); McKnight, Bibb & Cooper 2024 DAACH; Ikram 2010 'Crocodiles: guardians of the gateways'; Fomenko & Shamray 2006; Tarasenko 2019, 2021; Turayev 1899; Nestler 2012 thesis. | Cites Fomenko & Shamray 2006 for Ukrainian animal mummies",literature;toponyms
"Shimizu, M. 2026. Horizontal Niches for Crocodile Mummies in Akoris: Rethinking Crocodile Cult Practices beyond the Fayum. Orient 61: 109-125.",2026,PEER_REVIEWED,https://doi.org/10.5356/orient.61.109,FULL_TEXT,Akoris (Tehna el-Gebel) Chapel E storage; Graeco-Roman Museum Alexandria; Cairo Museum; Paleological Association of Japan | Graeco-Roman Museum Alexandria; Egyptian Museum Cairo; Akoris Chapel E store,"Crocodile mummies kept in Chapel E at Akoris (2024), incl. specimen with cranial length c. 69 cm (est. 4.8 m); crocodile mummy on wooden litter, Graeco-Roman Museum (Fig. 5b, photo 2024); Theadelphia litter GRM inv. 19679–19681 | Theadelphia crocodile mummy on litter; litter inv. 19679-19681; Akoris crocodile mummies (Abou-Seif 1926, Chapel D)","Confirms current (2024) storage of Akoris crocodile mummies on site and a crocodile mummy on display in the Graeco-Roman Museum | Akoris, Theadelphia, Karanis, Narmouthis, Dionysias crocodile cult installations; destinations of Akoris mummies","n. 7: 'Currently (in 2024) the crocodile mummies in Akoris are kept inside Chapel E (Shimizu forthcoming). According to Abou-Seif, ... he relocated some crocodile mummies and coffins that were deemed unnecessary for the Cairo Museum into this space.' Cites Shimizu forthcoming/in press on Chapel E finds; Shimizu 2021 'Crocodile Worship: Cultic Niches for Crocodile Mummies in Local Temples'.",egypt;toponyms
"Shimizu, Marina 2026. Horizontal Niches for Crocodile Mummies in Akoris. Orient (Society for Near Eastern Studies in Japan) 61: 109-125.",2026,PEER_REVIEWED,https://www.jstage.jst.go.jp/article/orient/61/0/61_109/_article/-char/ja/,FULL_TEXT,"Akoris site (Chapel E storeroom, in situ, Egypt); Egyptian Museum Cairo (crocodile mummies sent there by Abou-Seif 1926); Graeco-Roman Museum Alexandria (crocodile mummy on wooden litter, photographed 2024; Theadelphia litter inv. 19679-19681)","Akoris crocodile mummies in Chapel E incl. specimen with cranial length c. 69 cm, est. total length c. 4.8 m (2024 cleaning); Alexandria crocodile mummy on litter (no inv. given for mummy)",Japanese mission's evidence of crocodile mummies at Akoris; storage location of excavated crocodile mummies; leads to Cairo and Alexandria,"Cites Nicolotti & Robert 1994 ('80 percent of museum housed crocodile mummies are juvenile'), Abou-Seif 1926 ASAE, Kockelmann 2017, Molcho 2014; Shimizu in press 'The Second Room of Chapel E at Akoris'.",east_asia
"Stanford Medicine, Anatomical Libraries (The Mummy Project). n.d. 'Egyptian Crocodile Mummy' web page.",UNKNOWN,OTHER,https://med.stanford.edu/anatomy-library/the-mummy-project/egyptian-mummy-scanning1.html,FULL_TEXT,Phoebe A. Hearst Museum of Anthropology; University of Bristol Organic Geochemistry Unit,Hearst 5-513 (CT; coating analysis); second unnumbered Hearst crocodile (bones of multiple animals),CT scanning and balm analysis of Hearst crocodile mummies,Stanford itself does not own these mummies.,usa_midwest_west
