museum,city,country,official_collection_url,result_category,result_detail,sources_checked,queries,date_checked,notes,x_agents
Museo de La Plata (Universidad Nacional de La Plata),La Plata,AR,UNKNOWN,OTHER,"Egyptian holdings in the División Antropología described as three human mummies (two with coffins from Dardo Rocha 1888, one probably Viglione collection 1889) plus stelae, ceramics, ushabtis; no animal or crocodile mummy mentioned.","Santos et al. 2012, Aegyptus Antiqua 13: 52-55 (https://ri.conicet.gov.ar/handle/11336/198992, full text); La Nación 19-11-2025 article on the MNBA exhibition; WebSearch",'Museo de La Plata momia de cocodrilo egipcia'; PDF grep cocodril|crocod|animal|ibis|gato,2026-09-24,No online collection DB found. Full Egyptian inventory not checked; small residual chance of unpublished animal mummies.,rest_of_world
Museo Etnográfico Juan B. Ambrosetti (Universidad de Buenos Aires),Buenos Aires,AR,http://revistascientificas.filo.uba.ar/index.php/Arqueologia/article/view/8747,ONLY_OTHER_ANIMAL_MUMMIES,"Egyptian collection comprises 3 wooden coffins, 'dos momias de animales' = one cat-shaped and one falcon-shaped bundle (lote Nº 1896/3552, donation Delfina S. de Viglione 1896; X-rayed: falcon bundle contains bird bones; cat bundle mineralized remains). No crocodile.","Marchegiani, Reynoso, Ammirati & Estevez 2020, Arqueología 26(3): 85-110 (full text PDF https://revistascientificas.filo.uba.ar/index.php/Arqueologia/article/download/8747/7602); momias.equiponaya.com.ar/articulos/ramomias2b.htm",WebSearch 'Museo Etnográfico Ambrosetti colección egipcia momia animal cocodrilo'; PDF grep cocodril|crocod|animal|ibis|halc|gato,2026-09-24,"Fuscaldo 1978, 'Estatuillas y animales momificados', Rev. Inst. Hist. Antigua Oriental 4: 87-95 publishes the animal mummies.",rest_of_world
Museo Nacional de Bellas Artes (Argentina),Buenos Aires,AR,https://www.bellasartes.gob.ar/exhibiciones/egipto/,DB_BLOCKED_OR_UNAVAILABLE,Exhibition 'Ciencia y fantasía. Egiptología y egiptofilia en la Argentina' (18 Nov 2025-1 Mar 2026) with >180 pieces from Argentine public/private collections; no mention of crocodile or animal mummies found in accessible reports. MNBA's own Egyptian holding = funerary vessel gifted by Nasser.,https://www.bellasartes.gob.ar/exhibiciones/egipto/ (403 WebFetch and curl); La Nación 19-11-2025; WebSearch,'Ciencia y fantasía Egiptología egiptofilia Argentina Bellas Artes momia cocodrilo OR momias de animales',2026-09-24,Exhibition checklist not accessible (403).,rest_of_world
Museums Victoria,Melbourne,AU,https://collections.museumsvictoria.com.au/,DB_BLOCKED_OR_UNAVAILABLE,Cloudflare 403 challenge for API and website; site-restricted web search found no crocodile mummy (only Crocodylus cataphractus specimen 290420 and article 306 'Egyptian Antiquities').,collections.museumsvictoria.com.au/api/search and /search (curl + WebFetch); site: web searches,crocodile mummy; mummified crocodile; crocodile egypt; sobek; animal mummy,2026-09-24,Resume: GET https://collections.museumsvictoria.com.au/api/search?query=crocodile%20mummy from a non-blocked client; read article 306.,canada_oceania
Musée d'art et d'histoire de Genève (MAH),Geneva,CH,https://www.mahmah.ch/collection/oeuvres,DB_BLOCKED_OR_UNAVAILABLE,Online collection behind JS/cookie bot challenge; Europeana has no Swiss crocodile-mummy records,https://www.mahmah.ch/collection/oeuvres?search=crocodile (curl + WebFetch); Europeana COUNTRY:switzerland,crocodile; crocodile mummy; momie crocodile; Krokodil Mumie,2026-09-24,Retry in a browser: mahmah.ch/collection/oeuvres?search=crocodile and 'momie',benelux_alpine
Czech museums on eSbírky portal,various,CZ,https://www.esbirky.cz/,NO_CROCODILE_IN_ONLINE_DB,No crocodile mummy on portal (Náprstek Egyptian antiquities not published there). Only taxidermy (Silesian Museum Opava inv. 2871; Holub Museum P 310).,internal-api.esbirky.cz/api/1/subjects,mumie krokodýla; krokodýl; Crocodylus; Sobek; zvířecí mumie; mumie zvířete; mumifikovaný; Kom Ombo,2026-09-24,Portal-level check.,central_east_europe
Ägyptische Sammlung der Universität Heidelberg (HCCH),Heidelberg,DE,https://heidicon.ub.uni-heidelberg.de,NO_CROCODILE_IN_ONLINE_DB,"Egyptian collection hits: statue base, stele, Horus stele, Pataikos amulets, two child mummies; no crocodile mummy",heidICON easydb API (anonymous session),"Krokodil, Krokodilmumie, Mumie, Tiermumie, Sobek",2026-09-24,Coverage of heidICON for the Egyptian collection unknown.,germany
Ägyptisches Museum der Universität Bonn,Bonn,DE,https://www.iak.uni-bonn.de/de/museen/aegyptisches-museum/aegyptisches-museum,NO_ONLINE_DB,No online object database; no crocodile mention on official page,official page; museum-digital; DDB,Krokodil|Tiermumie|Sobek (page grep); DDB/museum-digital crocodile queries,2026-09-24,Not confirmed either way.,germany
Ägyptisches Museum – Georg Steindorff – der Universität Leipzig,Leipzig,DE,https://www.gkr.uni-leipzig.de/aegyptisches-museum,OTHER,Official Rundgang: 'Mumien von heiligen Tieren veranschaulichen die Bedeutung des Götterkultes' – species not named; no online object DB found,"official pages (Rundgang, Objekte entdecken); museum-digital; DDB; Portal Wissenschaftliche Sammlungen","Krokodil, Tiermumie, Sobek (page grep); museum-digital/DDB crocodile queries",2026-09-24,Animal mummies on display; crocodile not confirmed. Strong candidate for curator/catalogue check.,germany
Ägyptisches Museum und Papyrussammlung (Staatliche Museen zu Berlin),Berlin,DE,https://search.smb.museum,NO_CROCODILE_IN_ONLINE_DB,"Only animal mummies online: cat mummy obj-607531, ram skull obj-757882, animal coffin obj-771138; crocodile items are statuettes ÄM 11486, ÄM 20598, stelae, papyri",SMB API search.smb.museum/api/objects/search-expert; museum-digital global; DDB Solr index,"Krokodil, Krokodils, Krokodilmumie, Tiermumie, crocodile, Crocodylus, Sobek, Suchos, Mumie, Tier, objectType=Tier (Mumie), Kom Ombo, Fayum, Tebtynis",2026-09-24,"Only a fraction of the ÄM collection is online; a major collection likely to hold crocodile mummies in storage – needs literature/curator check (Kockelmann 2017, Kessler 1989 not consulted).",germany
Museum der Universität Tübingen MUT – Ägyptische Sammlung,Tübingen,DE,https://www.emuseum.uni-tuebingen.de,NO_CROCODILE_IN_ONLINE_DB,0 results for all crocodile/mummy terms in eMuseum; museum-digital only coffin ensemble KAO-As-150,MUT eMuseum search; museum-digital global; unimuseum.uni-tuebingen.de pages,"Krokodil, Krokodilmumie, Tiermumie, Mumie, Sobek, crocodile",2026-09-24,Online coverage partial.,germany
Universität Göttingen (Sammlung Ägyptologie/Koptologie; Zoologisches Museum; Akademisches Museum),Göttingen,DE,https://sammlungen.uni-goettingen.de,DB_BLOCKED_OR_UNAVAILABLE,Portal behind Anubis anti-bot proof-of-work; not searched,Göttingen Sammlungsportal,"Krokodil, Krokodilmumie, Tiermumie, Mumie",2026-09-24,Resume manually in a browser: https://sammlungen.uni-goettingen.de/suche/?q=Krokodil,germany
Grand Egyptian Museum (GEM),Giza,EG,https://grandegyptianmuseum.org/,NO_CROCODILE_IN_ONLINE_DB,0 hits on grandegyptianmuseum.org; gem.eg blocked (403); no online collection DB found.,https://grandegyptianmuseum.org/wp-json/wp/v2/search; https://gem.eg/ (403); https://visit-gem.com/ (redirect tickets.gem.eg),crocodile; Sobek; animal mummies,2026-09-24,WebSearch budget exhausted before a web search on GEM crocodile displays could be run.,egypt
National Museum of Egyptian Civilization (NMEC),Cairo (Fustat),EG,https://nmec.gov.eg/,NO_CROCODILE_IN_ONLINE_DB,No crocodile mention on NMEC site or MoTA pages; Paleobiobank page mentions animal remains generically. No online collection DB.,https://nmec.gov.eg/wp-json/wp/v2/search; https://nmec.gov.eg/laboratories/paleobiobank/; https://egymonuments.gov.eg/en/museums/national-museum-of-egyptian-civilization-nmec; https://egymonuments.gov.eg/ar/museums/national-museum-of-egyptian-civilization-nmec,crocodile; Sobek; animal mummies; mummified; تمساح,2026-09-24,MoTA search API listed NMEC under 'animal mummies' query but page text has no crocodile. EMC basement page says NMEC selected objects from the EMC basement (not specified).,egypt
"Grant Museum of Zoology, UCL",London,GB,https://collections.ucl.ac.uk/,ONLY_NON_MUMMY_CROCODILE_ITEMS,"53 crocodilian specimens (skeletons, fluid, skins, fossils, taxidermy, leather goods). Only 'mummified' crocodile is LDUCZ-X446 'Skull of the Australian saltwater crocodile which is covered with mummified skin' (Crocodylus porosus) - not Egyptian. No Egyptian crocodile mummy found.",UCL Collections Online (zoology database) web search + Axiell WebAPI https://collections.ucl.ac.uk/AxiellWebApi/wwwopac.ashx?database=zoology,crocodile (53 hits); mummy (0); mummified (2); Egypt (1); API description=crocodil* (6),2026-09-24,Many Crocodylidae skeletons lack provenance in brief records; an ancient Egyptian specimen catalogued only as 'skeleton' cannot be excluded.,uk_south
"Grant Museum of Zoology, University College London",London,GB,https://collections.ucl.ac.uk/,NO_CROCODILE_IN_ONLINE_DB,Only an Australian saltwater crocodile skull with mummified skin (natural) and a human specimen; no Egyptian crocodile mummy.,UCL Axiell wwwopac API database=zoology,"description=mumm*; description=Egypt*; (UCL simple search 'crocodile' = 53 zoology hits, not all screened)",2026-09-24,53 'crocodile' hits in zoology db not individually screened; searched mummy/Egypt terms.,toponyms
Hungarian museums on MúzeumDigitár (hu.museum-digital.org),various,HU,https://hu.museum-digital.org/,NO_CROCODILE_IN_ONLINE_DB,No crocodile mummy in any participating Hungarian museum; hits are modern art/toys; MFA only a few objects on the portal.,hu.museum-digital JSON API,krokodil; krokodilmúmia; krokodil múmia; Szobek; Crocodylus; múmia; Sobek; állatmúmia; mumifikált; Kom Ombo; Fajjum,2026-09-24,"Portal-level check, not per institution.",central_east_europe
Bible Lands Museum Jerusalem,Jerusalem,IL,https://www.blmj.org/,NO_ONLINE_DB,0 results,https://www.blmj.org/?s=crocodile,site search crocodile,2026-09-24,UNKNOWN,rest_of_world
Hecht Museum (University of Haifa),Haifa,IL,https://mushecht.haifa.ac.il/,OTHER,No Egyptian collection described on website.,https://mushecht.haifa.ac.il/,homepage review,2026-09-24,UNKNOWN,rest_of_world
Israel Museum,Jerusalem,IL,https://www.imj.org.il/en/collections,DB_BLOCKED_OR_UNAVAILABLE,Exhibition 'A Mummy in Jerusalem' shows a human mummy (Pontifical Biblical Institute) and an ibis coffin (Sadat gift 1979); no crocodile found. Online collection DB blocked by JS challenge.,"https://www.imj.org.il/en/exhibitions/mummy-jerusalem; collections search (bot-challenge, not accessible)",WebSearch 'Israel Museum Jerusalem crocodile mummy'; Hebrew 'מומיה של תנין מוזיאון',2026-09-24,UNKNOWN,rest_of_world
Steinhardt Museum of Natural History (Tel Aviv University),Tel Aviv,IL,https://smnh.tau.ac.il/en/research/collections-database/,DB_BLOCKED_OR_UNAVAILABLE,No mention of Egyptian/mummified crocodiles; DB requires login.,https://smnh.tau.ac.il/en/; collections-database page (login required); GBIF 'mummified' Crocodylia search (no TAU hits),homepage; GBIF q=mummified,2026-09-24,UNKNOWN,rest_of_world
National Museum New Delhi / Indian Museum Kolkata / Salar Jung Museum / Allahabad Museum (Museums of India portal),New Delhi; Kolkata; Hyderabad; Prayagraj,IN,https://www.museumsofindia.gov.in/,NO_CROCODILE_IN_ONLINE_DB,No animal or crocodile mummies in portal records; only Indian Museum human mummy Et-1A-10388 and mummy necklace.,museumsofindia.gov.in JSON search (scripts/moi_search.py); https://indianmuseumkolkata.org/gallery/egypt-gallery/,"crocodile (232), mummy (3), mummified (0), Egyptian (250), Egypt (453), Sobek (0), animal mummy (0)",2026-09-24,Portal covers only digitised subsets of these museums.,rest_of_world
Ancient Orient Museum,Tokyo,JP,https://aom-tokyo.com/,NO_ONLINE_DB,No online object database (only Palmyra DB). Website mentions only a Carajá clay crocodile figure and a 2022 panel/CT exhibition on Akoris human mummies (no objects shown). No crocodile mummy found.,https://aom-tokyo.com/; https://aom-tokyo.com/exhibition/221210_akorismummy.html; WebSearch site:aom-tokyo.com,site:aom-tokyo.com ワニ; site:aom-tokyo.com ミイラ 動物; 古代オリエント博物館 ワニ ミイラ,2026-09-24,Egyptian holdings exist (permanent display); print catalogues/bulletin (古代オリエント博物館紀要) not checked.,east_asia
Kyoto University Museum,Kyoto,JP,https://www.museum.kyoto-u.ac.jp/,OTHER,"Egyptian collection (EEF/BSAE gifts 1909-1931) includes bird mummies (鳥のミイラ, 2011 exhibition text) and human mummies (Sakaue 2022); no crocodile mummy found; photo-archive metadata are only file names.",https://www.museum.kyoto-u.ac.jp/special/content0024/; https://www.rra.museum.kyoto-u.ac.jp/archives/3706/; keep.rra.museum.kyoto-u.ac.jp ArchivesSpace photo archive (947 records),京都大学総合博物館 エジプト ワニ ミイラ; archive keyword crocodile/mummy/animal/Fayum/Hawara/Tebtunis/Gebelein/Sobek/bird,2026-09-24,"Full catalogue 京都大学総合博物館考古学資料目録：エジプト出土資料 (2016, 161 pp.) not accessible online — needed to exclude crocodile items.",east_asia
National Museum of Nature and Science,Tokyo,JP,https://db.kahaku.go.jp/webmuseum/,NO_CROCODILE_IN_ONLINE_DB,"Herpetology specimens of Crocodylus niloticus are modern (South Africa series NSMT 20759-20921) or a skeleton of unknown origin (NSMT-H 7208, ex Tokyo Educational Museum); no mummy. 2019 mummy exhibition and 2025-26 'ワニ' exhibition pages mention no crocodile mummy.","https://www.kahaku.go.jp/event/nid00001559.html; https://www.kahaku.go.jp/exhibitions/ueno/special/2019/miira/; GBIF publishingCountry=JP Crocodylia (406 records, NSMT 305); https://db.kahaku.go.jp/webmuseum/detail?cls=col_a1_04&pkey=NSMT-H%2C7208%2C",site:kahaku.go.jp ワニ ミイラ エジプト; GBIF taxonKey=11493978 publishingCountry=JP,2026-09-24,Anthropology dept. mummy inventory (Sakaue 2022) covers human mummies only.,east_asia
"Tokai University (Ancient Egypt and Near Eastern Collection, AENET / Suzuki collection)",Hiratsuka,JP,https://egypt.civilization.u-tokai.ac.jp/collection,NO_CROCODILE_IN_ONLINE_DB,"ワニ/鰐/セベク 0 hits; ミイラ 9 hits (amulets, canopic lid, papyri — no mummies); organic-remains listing ~45 items (sandals, baskets, bows, figures) with no animal mummies.",https://egypt.civilization.u-tokai.ac.jp/collection/?s=…; https://egypt.civilization.u-tokai.ac.jp/collection/material/organic-remains,ワニ; 鰐; セベク; ミイラ; 動物; material=有機物,2026-09-24,Collection c. 6000 archaeological objects; online DB may not cover all; city given as Hiratsuka (Shonan campus) — location of storage not verified.,east_asia
Museo Nacional de las Culturas del Mundo (INAH),Mexico City,MX,https://www.inah.gob.mx/museos/museo-nacional-de-las-culturas-del-mundo,DB_BLOCKED_OR_UNAVAILABLE,Egyptian collection of c. 150 pieces (Sala del Mediterráneo); no crocodile or animal mummy mentioned in any accessible source. INAH repository unreachable.,WebSearch (Spanish); egiptologia.com directory entry; kemetenanahuac.wordpress.com (curator G. P. Taber's blog) searches 'cocodrilo' and 'momia'; INAH Mediateca (mediateca.inah.gob.mx -> repositorio.inah.gob.mx: connection reset); Nierika article by Taber (timeout),"'Museo Nacional de las Culturas del Mundo México colección egipcia momia cocodrilo'; '""momia de cocodrilo"" México museo'; 'Gerardo Taber colección egipcia Museo Nacional de las Culturas momias animales'",2026-09-24,Nierika (Ibero) article 'Un sueño se materializa: ... colecciones del Egipto faraónico en México' could not be opened (timeout) — worth checking.,rest_of_world
Canterbury Museum,Christchurch,NZ,https://collection.canterburymuseum.com/,DB_BLOCKED_OR_UNAVAILABLE; NO_CROCODILE_IN_ONLINE_DB,"Own collection site blocked for automated access. DigitalNZ subset (mostly postcards, lantern slides, photographs) shows no crocodile mummy; Egyptian holdings include a mummified human head (CT 2021, per search snippet only). | Only a lantern slide 'The power of music; or The musician and the crocodile' (1152394); no crocodile mummy in DigitalNZ-republished records","collection.canterburymuseum.com/objects?query=mummy|crocodile (curl 202 empty, WebFetch 403); DigitalNZ API partner=Canterbury Museum text=mummy (12 hits) and text=crocodile (34 hits); DigitalNZ API (Canterbury Museum is a content partner)",mummy; crocodile; crocodile Egypt | crocodile mummy; mummified crocodile; crocodile egypt; animal mummy,2026-09-24,DigitalNZ appears to carry only part of Canterbury Museum's collection; a manual check of the Vernon browser is still needed. | Only the part of the collection republished to DigitalNZ was covered; museum's own DB not queried,canada_oceania;portals_world
Museum of New Zealand Te Papa Tongarewa,Wellington,NZ,https://collections.tepapa.govt.nz/,ONLY_OTHER_ANIMAL_MUMMIES; NO_CROCODILE_IN_ONLINE_DB,"Egyptian animal mummies online: 2 'Mummified Ibis Package' (FE000968, FE001738). Crocodile records are preserved reptile specimens (e.g. RE.001126 Nile crocodile, RE.002490, RE.002491; basisOfRecord PreservedSpecimen, locality 'No data'), photographs (Ancient Egypt Series, Kom Ombo-type views) and artworks - none described as mummified. | Te Papa records via DigitalNZ matching crocodile+Egypt are photographs ('Ancient Egypt Series: Alabaster crocodile god with Amunhotep III', objects 590646, 591378-591389) and prints; no crocodile mummy","Te Papa Collections API https://data.tepapa.govt.nz/collection/search; object 209005, 291554, 291555; DigitalNZ API; Te Papa collections API https://data.tepapa.govt.nz/collection/search (HTTP 401, key required); DigitalNZ API (republishes Te Papa records)",crocodile mummy; mummified crocodile; crocodile; mummy; Sobek | DigitalNZ: crocodile mummy; mummified crocodile; crocodile egypt; Sobek; animal mummy; crocodile,2026-09-24,Te Papa API returns a public guest token in its 401 response; used as Bearer token. | Te Papa API needs an API key (401) — not queried directly,canada_oceania;portals_world
"Teece Museum of Classical Antiquities, University of Canterbury",Christchurch,NZ,http://teecemuseum.nz/,NO_CROCODILE_IN_ONLINE_DB,Only 'Shroud' (212709) and a scarab copy returned for 'animal mummy'; no crocodile material,DigitalNZ API,crocodile mummy; animal mummy; crocodile egypt,2026-09-24,DigitalNZ-republished records only,portals_world
National Museum in Krakow (incl. Princes Czartoryski Museum),Kraków,PL,https://journals.akademicka.pl/saac/article/view/5740,ONLY_OTHER_ANIMAL_MUMMIES,"Paper states the collections hold four Egyptian animal mummies: cat MNK XI-412, bird MNK XI-487, ichneumon imitation MNK XI-1499, kestrel MNK XI-a-850. No crocodile.","Gorzelany-Nowak & Wilczyński 2023, SAAC 27: 127-141 (full text PDF)",Crossref 'animal mummies National Museum Warsaw' -> this paper,2026-09-24,UNKNOWN,central_east_europe
Pushkin State Museum of Fine Arts,Moscow,RU,https://collection.pushkinmuseum.art/,ONLY_OTHER_ANIMAL_MUMMIES,Only animal mummy online: 'Мумия кошки' (id 142022). Crocodile items are a Sobek statuette (138303) and decorated vessels. Online coverage of the Egyptian fund incomplete.,collection.pushkinmuseum.art API /api/search-entities/OBJECT,крокодил; крокодила; мумия крокодила; мумия животного; мумия; Себек,2026-09-24,mummies.pushkinmuseum.art exhibition site (2022) not examined.,central_east_europe
Helsingborg Museums (Helsingborgs museer),Helsingborg,SE,https://museum.helsingborg.se/web/object/1505242,ONLY_NON_MUMMY_CROCODILE_ITEMS,"52-31: 'Uppstoppad, balsamerad krokodilunge av okänt ursprung' (stuffed, embalmed hatchling of unknown origin), L 45.5 cm - taxidermy, Egypt not stated",K-samsök API (text=krokodilunge; text=krokodil and text=balsamerad),krokodilunge; krokodil+balsamerad,2026-09-24,Could be re-checked if an image shows ancient wrapping,nordic_baltic
Kulturen i Lund,Lund,SE,https://carl.kulturen.com/web/object/33881,ONLY_NON_MUMMY_CROCODILE_ITEMS,Egyptian collection KM 32134-32767 (bought 1927); only crocodile figure KM 32583 (L 8.8 cm) and amulets; no mummy,K-samsök API,text=krokodil and text=Egypten,2026-09-24,Carlotta free search not run,nordic_baltic
Museum of Ethnography (Etnografiska museet),Stockholm,SE,https://collections.smvk.se/carlotta-em/web,ONLY_NON_MUMMY_CROCODILE_ITEMS,Travellers Club deposit 1984.05.0431/0432/0444 = stuffed crocodiles; stores Medelhavsmuseet crocodile mummies on loan (0000.0006) but owns none found,K-samsök API,text=krokodilunge; text=krokodil and text=mumie,2026-09-24,UNKNOWN,nordic_baltic
Gemer-Malohont Museum,Rimavská Sobota,SK,https://slovakiana.sk/kulturne-objekty/cair-ko2qtsq,NO_CROCODILE_IN_ONLINE_DB,"Only human 'Múmia v sarkofágu' (945-664 BC); crocodile items are modern (glass crocodile, pliers).",Slovakiana API; Strouhal & Vyhnánek 1979 Table 1 (Cat. 10 human),múmia; krokodíl,2026-09-24,UNKNOWN,central_east_europe
Slovak National Museum – Archaeological Museum,Bratislava,SK,https://slovakiana.sk,NO_CROCODILE_IN_ONLINE_DB,Egyptian items online are ushabti fragments; no animal mummies.,Slovakiana API,mumifikovaný; múmia; krokodíl,2026-09-24,UNKNOWN,central_east_europe
Slovak National Museum – Betliar Museum,Betliar,SK,https://slovakiana.sk/kulturne-objekty/cair-ko258zd,ONLY_NON_MUMMY_CROCODILE_ITEMS,"Two Nile crocodiles (ZO 00253, 2700 mm; ZO 00254 juvenile 650 mm) are taxidermy ('preparované celé telo', Africa c. 1860), not mummies. Egyptian holdings: human mummies (Amun priest in coffin; child in glass coffin).","Slovakiana API records cair-ko258zd, cair-ko25n7t, cair-ko1jtbm, cair-ko24cp1; Strouhal & Vyhnánek 1979 Table 1 (Betliar: complete bodies Cat. 7, 24 only)",múmia; krokodíl; Crocodylus; múmia krokodíla,2026-09-24,Andrássy collection.,central_east_europe
Slovak National Museum – Natural History Museum,Bratislava,SK,https://slovakiana.sk,ONLY_NON_MUMMY_CROCODILE_ITEMS,Crocodylus niloticus/acutus/rhombifer natural-history specimens and Homo sapiens (Egypt) human remains; no crocodile mummy.,Slovakiana API; Strouhal & Vyhnánek 1979 Table 1 (Natural History Institution of the SNM: human complete body Cat. 20 only),múmia; Crocodylus; mumifikovaný,2026-09-24,UNKNOWN,central_east_europe
Academy of Natural Sciences of Drexel University,Philadelphia,US,https://ansp.org,OTHER,"0 GBIF hits. ANSP's Egyptian crocodile mummies ('Mummified Crocodiles', ANSP nos. 2925, 2941-2963) were given to Penn Museum in 1997 (97-121-*); human mummies given to Penn 2017. No evidence ANSP still holds crocodile mummies.",GBIF occurrence API (institutionCode ANSP); Penn Museum DB credit lines,Egypt; mummy,2026-09-24,Historical holder; objects recorded under Penn Museum,usa_northeast
"Allen Memorial Art Museum, Oberlin College",Oberlin,US,https://allenartcollection.oberlin.edu/,NO_CROCODILE_IN_ONLINE_DB,No crocodile mummy; only mummy cloth fragments and mummy bead necklaces,https://allenartcollection.oberlin.edu/search/crocodile/objects; https://allenartcollection.oberlin.edu/search/mummy/objects,crocodile; mummy,2026-09-24,eMuseum online collection.,usa_midwest_west
American Museum of Natural History,New York,US,https://www.amnh.org/research/vertebrate-zoology/herpetology,OTHER,"Herpetology: 1 hit R-24717 Crocodylus niloticus dry, country unknown (not a mummy). Hekkala et al. 2011 used AMNH only as aDNA lab; sampled mummies were from Penn, PHM, BM, MNHN. AMNH Anthropology DB not checked.","GBIF occurrence API (taxonKey Crocodylia 11493978, institutionCode AMNH, q=Egypt / mummy); Hekkala et al. 2011 full text",Egypt; mummy,2026-09-24,Anthropology (Division of Anthropology) collection database not searched - see leads,usa_northeast
Art Institute of Chicago,Chicago,US,https://www.artic.edu/collection,ONLY_NON_MUMMY_CROCODILE_ITEMS,"Crocodile hits are amulets (1894.934, 1894.893, 1894.830, 1894.890, 1894.946), scaraboid 1894.1905, Statuette of Sobek 1894.260; animal-mummy-related objects are a cat coffin 1922.4800 and boxes for mummified animals with cobra/snake figures (1893.19, 1892.159); no crocodile mummy | Only crocodile amulets, Sobek statuette 1894.260 and bronze animal-mummy boxes for snakes; no crocodile mummy",AIC public API https://api.artic.edu/api/v1/artworks/search (GET ?q= and POST Elasticsearch query_string); https://api.artic.edu/api/v1/artworks/search?q=crocodile%20mummy; q=crocodile; q=animal%20mummy,'(crocodile OR Sobek OR crocodil*) AND mumm*' (0); crocodile (50); Sobek (5); 'mumm* AND place_of_origin:Egypt' (72); 'animal AND mumm*' (18) | crocodile mummy; mummified crocodile; crocodile; animal mummy,2026-09-24,Plain ?q= search reports total=133118 for every term (scores whole collection); exact counts from ES query_string | API covers whole collection.,portals_world;usa_midwest_west
"The Bancroft Library, Center for the Tebtunis Papyri, University of California, Berkeley",Berkeley,US,https://www.lib.berkeley.edu/libraries/bancroft-library,OTHER,"Holds papyri recovered from Tebtunis crocodile mummies (e.g. Menches archive 'wrapped around these animals'), but the crocodile mummies exhibited at the Bancroft (Object Lessons 2019-2020) are Hearst Museum loans (6-20100, 6-21633, 6-21634). No crocodile mummy owned by the Bancroft found.",https://guides.lib.berkeley.edu/objectlessons/dying; https://news.berkeley.edu/2021/03/02/crocodile-mummies/; Hearst portal loan fields,crocodile mummy; Tebtunis crocodile,2026-09-24,tebtunis.berkeley.edu failed TLS (certificate mismatch). Papyri from crocodile mummies are not objects in scope.,usa_midwest_west
"Burke Museum of Natural History and Culture, University of Washington",Seattle,US,https://arctos.database.museum/collection/UWBM:Herp,OTHER,"Herpetology record UWBM:Herp:7021 Crocodylus niloticus, preparations 'skin; whole organism (mummified)', SVL 80 mm, total length 70 mm (attribute date 1800), collector unknown, NO locality and no statement that it is Egyptian or ancient. Cannot be counted as an Egyptian crocodile mummy without further information. Burke archaeology: human mummy and mummified birds only (per search).",GBIF occurrence 5195959520 (https://api.gbif.org/v1/occurrence/5195959520); https://arctos.database.museum/guid/UWBM:Herp:7021 (unreachable); WebSearch,GBIF q=mummified familyKey=5685; 'Burke Museum Egyptian crocodile mummy',2026-09-24,Arctos returned connection reset / 503 - retry to read remarks. Possible hatchling mummy; worth a direct enquiry.,usa_midwest_west
Cleveland Museum of Art,Cleveland,US,https://www.clevelandart.org/art/collection/search,NO_CROCODILE_IN_ONLINE_DB,"No crocodile mummy or crocodile-mummy container in the Open Access API; Egyptian 'mummy' hits are human coffins, mummy bands, masks, model mummy 1914.810 | No crocodile mummy or animal mummy in Open Access API; Egyptian items are human funerary equipment",Cleveland Museum of Art Open Access API https://openaccess-api.clevelandart.org/api/artworks/?q=...&limit=1000 (all hits retrieved); https://openaccess-api.clevelandart.org/api/artworks/?q=crocodile; ?q=mummy; ?q=animal%20mummy; ?q=Sobek,crocodile (43 hits); crocodile mummy (0); mummified crocodile (1: 1969.118 Apis Bull); Sobek (0); animal mummy (0); mummy (58) | crocodile; mummy; animal mummy; Sobek,2026-09-24,API covers the full collection incl. non-open-access records per CMA documentation (not verified) | Open Access API covers full online collection.,portals_world;usa_midwest_west
Cummer Museum of Art & Gardens,"Jacksonville, FL",US,https://www.cummermuseum.org/,OTHER,Website search: no results.,https://www.cummermuseum.org/?s=crocodile,crocodile,2026-09-24,Weak negative.,usa_south
Dallas Museum of Art,"Dallas, TX",US,https://dma.org/art/collection,NO_CROCODILE_IN_ONLINE_DB,"25 crocodile hits (Pre-Columbian, African, Oceanic, modern), none Egyptian; 5 'mummy' hits = Egyptian mummy mask, Roman mummy portrait, Andean bundles.",https://sitesearch.dma.org/api/search/collection?q=crocodile / mummy / Sobek (official collection search API),crocodile; mummy; Sobek,2026-09-24,UNKNOWN,usa_south
Florida Museum of Natural History (Herpetology),"Gainesville, FL",US,https://www.floridamuseum.ufl.edu/herpetology/,NO_CROCODILE_IN_ONLINE_DB,"17,729 crocodilian records published; 10 African Crocodylidae (Gabon etc.), none from Egypt, none flagged mummy.","iDigBio search API (institutioncode uf); GBIF occurrence API (Crocodylidae, country EG)",crocodylidae/alligatoridae/gavialidae; continent africa; country egypt; fulltext mummy,2026-09-24,Anthropology/archaeology holdings of FLMNH not checked (no Egyptian collection known).,usa_south
"Frank H. McClung Museum of Natural History & Culture, University of Tennessee","Knoxville, TN",US,https://mcclungmuseum.utk.edu/,OTHER,Website search only: one hit (Breasted stereoscope occasional paper); no collection DB searched.,https://mcclungmuseum.utk.edu/?s=crocodile,crocodile,2026-09-24,Weak negative; museum has Egyptian gallery - check collection DB/curator.,usa_south
Georgia Museum of Art,"Athens, GA",US,https://georgiamuseum.org/,OTHER,"Website search: 'Sorry, no results were found'.",https://georgiamuseum.org/?s=crocodile,crocodile,2026-09-24,Weak negative.,usa_south
Houston Museum of Natural Science,"Houston, TX",US,UNKNOWN,NO_ONLINE_DB,No online collection database; official exhibit and blog pages do not mention a crocodile mummy in HMNS holdings. A 'baby crocodile' mummy was shown in Houston only as part of the touring loan exhibition 'Mummies of the World' (2016).,https://www.hmns.org/exhibits/hall-of-ancient-egypt/; https://blog.hmns.org/2015/10/13-freaky-finds-at-hmns/; http://blog.hmns.org/tag/nile-crocodile/; http://blog.hmns.org/tag/mummy/; https://blog.hmns.org/2016/11/five-things-i-learned-at-mummies-of-the-world-the-exhibition/; web search,crocodile mummy; crocodile; Hall of Ancient Egypt,2026-09-24,Hall of Ancient Egypt (2013/2021) includes many long-term loans; objects not individually online.,usa_south
Institute of Egyptian Art & Archaeology and Art Museum of the University of Memphis (AMUM),"Memphis, TN",US,https://amum.catalogaccess.com/home,DB_BLOCKED_OR_UNAVAILABLE,"Official PastPerfect CatalogAccess database renders only via JavaScript and robots.txt disallows /api/, so keyword results could not be retrieved; no official page or web source mentions a crocodile mummy in the ~1,400-object Egyptian collection.",https://www.memphis.edu/egypt/exhibit/collectiondb.php; https://www.memphis.edu/egypt/exhibit/access.php; https://www.memphis.edu/egypt/exhibit/; https://www.memphis.edu/egypt/exhibit/videos.php; https://www.memphis.edu/amum/collections/ancient_egyptian.php; https://amum.catalogaccess.com/search?keyword=crocodile (JS-only); web search,"crocodile, crocodile mummy, Sobek, animal mummies",2026-09-24,Needs manual browser search of amum.catalogaccess.com (keyword 'crocodile') or enquiry. IEAA states majority but not all of the collection is online.,usa_south
The John and Mable Ringling Museum of Art,"Sarasota, FL",US,https://www.ringling.org/,OTHER,Website search: 'nothing matched'.,https://www.ringling.org/?s=crocodile,crocodile,2026-09-24,Collection DB (emuseum) not searched.,usa_south
Johns Hopkins Archaeological Museum,"Baltimore, MD",US,https://archaeologicalmuseum.jhu.edu/,DB_BLOCKED_OR_UNAVAILABLE,Cloudflare 'you have been blocked' for curl and WebFetch; Wayback CDX failed (connection reset). Not checked.,https://archaeologicalmuseum.jhu.edu/?s=crocodile; https://archaeologicalmuseum.jhu.edu/the-collection/; Wayback CDX,crocodile,2026-09-24,Needs manual browser check - JHU holds Egyptian material incl. animal mummies (unverified).,usa_south
LSU Museum of Natural Science,"Baton Rouge, LA",US,https://www.lsu.edu/mns/,NO_CROCODILE_IN_ONLINE_DB,803 crocodilian records; African Crocodylidae only from Liberia and Zimbabwe; none Egyptian or mummified.,iDigBio search API (institutioncode lsumz),crocodilian families; continent africa; country egypt,2026-09-24,UNKNOWN,usa_south
Memphis Museums of Science and History (Pink Palace),"Memphis, TN",US,https://www.memphismuseums.org/,OTHER,Website search: no crocodile content.,https://www.memphismuseums.org/?s=crocodile,crocodile,2026-09-24,Weak negative; collection DB not searched.,usa_south
Minneapolis Institute of Art,Minneapolis,US,https://collections.artsmia.org/,OTHER,"No crocodile mummy in current online collection. Two crocodile mummies bought 1916 from Drexel Institute (Dunwoody Fund) were sold to the Rosicrucian Egyptian Museum on 13 June 1958 (now RC-1675, RC-2253) per Rosicrucian DB.",https://search.artsmia.org/crocodile; https://search.artsmia.org/mummy; https://search.artsmia.org/animal%20mummy; https://search.artsmia.org/Sobek,crocodile; mummy; animal mummy; Sobek; mummified,2026-09-24,Deaccessioned holding; recorded under Rosicrucian.,usa_midwest_west
"Museum of Comparative Zoology, Harvard University","Cambridge, Massachusetts",US,https://mczbase.mcz.harvard.edu,NO_CROCODILE_IN_ONLINE_DB,0 hits in GBIF for MCZ Crocodylia with Egypt or mummy,"GBIF occurrence API (taxonKey 11493978, institutionCode MCZ)",Egypt; mummy,2026-09-24,MCZbase itself not queried directly (only via GBIF),usa_northeast
"Museum of Fine Arts, Houston","Houston, TX",US,https://emuseum.mfah.org/,DB_BLOCKED_OR_UNAVAILABLE,eMuseum returns 403 to scripted and WebFetch access; search-engine index of emuseum.mfah.org shows Egyptian mummy mask (44427) and mummy of a child (82925) but crocodile records only for Pre-Columbian and African objects.,https://emuseum.mfah.org/search/crocodile (403); web search results listing emuseum.mfah.org records,crocodile; animal mummy; Sobek; crocodile mummy,2026-09-24,Needs manual browser search.,usa_south
Nelson-Atkins Museum of Art,Kansas City,US,https://art.nelson-atkins.org/,NO_CROCODILE_IN_ONLINE_DB,Only human mummy of Ka-i-nefer and mummy mask; no animal/crocodile mummy,https://art.nelson-atkins.org/search/crocodile/objects; https://art.nelson-atkins.org/search/mummy/objects; https://art.nelson-atkins.org/search/Sobek/objects,crocodile; mummy; Sobek,2026-09-24,eMuseum online collection.,usa_midwest_west
North Carolina Museum of Art,"Raleigh, NC",US,https://collection.ncartmuseum.org/,NO_CROCODILE_IN_ONLINE_DB,Only crocodile record is a Pre-Columbian effigy vessel; Egyptian mummy-related objects are mummy coverings and a falcon coffin with grain mummy (129).,https://collection.ncartmuseum.org/search/crocodile; /search/mummy; https://learn.ncartmuseum.org/?s=crocodile|mummy|Sobek|animal+mummy; https://ncartmuseum.org/?s=crocodile+mummy,crocodile; mummy; crocodile mummy; Sobek; animal mummy,2026-09-24,UNKNOWN,usa_south
North Carolina Museum of Natural Sciences,"Raleigh, NC",US,https://naturalsciences.org/research-collections/,NO_CROCODILE_IN_ONLINE_DB,"526 crocodilian records, none African or Egyptian.",iDigBio search API (institutioncode ncsm),crocodilian families; continent africa; country egypt,2026-09-24,UNKNOWN,usa_south
Sam Noble Oklahoma Museum of Natural History,"Norman, OK",US,https://samnoblemuseum.ou.edu/,NO_CROCODILE_IN_ONLINE_DB,"33 crocodilian herpetology records, none African; ethnology/archaeology (Egyptian?) holdings not checked.",iDigBio search API (institutioncode omnh),crocodilian families; continent africa,2026-09-24,Ethnology collection DB not searched - resume at samnoblemuseum.ou.edu collections.,usa_south
Speed Art Museum,"Louisville, KY",US,https://www.speedmuseum.org/,OTHER,Website search: no crocodile content; collection DB not searched.,https://www.speedmuseum.org/?s=crocodile,crocodile,2026-09-24,Weak negative.,usa_south
Tellus Science Museum,"Cartersville, GA",US,https://tellusmuseum.org/,ONLY_NON_MUMMY_CROCODILE_ITEMS,"Only a fossil crocodile (Maroccosuchus zennaroi, Eocene, Morocco).",https://tellusmuseum.org/?s=crocodile,crocodile,2026-09-24,UNKNOWN,usa_south
Texas A&M University Biodiversity Research and Teaching Collections (TCWC),"College Station, TX",US,UNKNOWN,NO_CROCODILE_IN_ONLINE_DB,"316 crocodilian records, none African.",iDigBio search API (institutioncode tcwc),crocodilian families; continent africa,2026-09-24,UNKNOWN,usa_south
University of Texas at Austin Biodiversity Collections (Texas Natural History Collections / former Texas Memorial Museum),"Austin, TX",US,UNKNOWN,NO_CROCODILE_IN_ONLINE_DB,"29 crocodilian records, none African; Texas Memorial Museum anthropology holdings not checked.",iDigBio search API (institutioncode tnhc),crocodilian families; continent africa,2026-09-24,UNKNOWN,usa_south
Virginia Museum of Fine Arts,"Richmond, VA",US,https://www.vmfa.museum/collection/search,NO_CROCODILE_IN_ONLINE_DB,Crocodile hits are African/Tibetan objects and a Pataikos amulet; animal-mummy items are shrine-shaped boxes for shrew (59495) and ichneumon (59508) mummies; no crocodile mummy.,https://www.vmfa.museum/collection/search?q=crocodile / mummy / crocodile mummy / Sobek / mummified,crocodile; mummy; crocodile mummy; Sobek; mummified,2026-09-24,UNKNOWN,usa_south
Walters Art Museum,Baltimore,US,https://art.thewalters.org/,ONLY_OTHER_ANIMAL_MUMMIES,"Open-data dump (22,193 records) lists animal mummies only as cats (79.2, 79.3) and a falcon reliquary with falcon bones (54.2120); all crocodile records are amulets, inlays, cippi, statues or non-Egyptian items.",https://raw.githubusercontent.com/WaltersArtMuseum/api-thewalters-org/main/art.csv (official CC0 data dump replacing retired API); art.thewalters.org search (403); https://thewalters.org/exhibitions/mummified/ (403),"crocodil, sobek, souchos, suchos (all fields); mumm (title/object name/medium)",2026-09-24,Online collection site behind Cloudflare challenge; data dump may not include every accession (Walters holds more objects than 22k records).,usa_south
Yale University Art Gallery,New Haven,US,https://artgallery.yale.edu/collection,ONLY_NON_MUMMY_CROCODILE_ITEMS,"Only coins (Alexandrian), prints and drawings with crocodiles",Yale LUX API (covers YUAG),crocodile mummy; mummified crocodile; crocodile Egypt; animal mummy Egypt,2026-09-24,LUX results pages 1-3 only for 'crocodile Egypt' (108 hits),usa_northeast
Vatican Museums - Museo Gregoriano Egizio (Reparto Antichità Egizie e del Vicino Oriente),Vatican City,VA,https://catalogo.museivaticani.va/index.php/Front/Index?lang=it_IT,DB_BLOCKED_OR_UNAVAILABLE,"Online catalogue unreachable (timeouts). Site search: 'coccodrillo' 0, 'mummia coccodrillo' 0, 'mummie animali' 2 pages (Vatican Mummy Project studies 'mummie umane e animali della collezione' - generic, no crocodile named). Sala VI lists only a cat-mummy urn and stela of Horus on crocodiles.","https://catalogo.museivaticani.va/ (timeout 40-90 s, curl + WebFetch); https://www.museivaticani.va/content/museivaticani/it/utility/search.html?q=...; https://www.museivaticani.va/content/museivaticani/it/collezioni/reparti/reparto-antichita-egizie/attivita-progetti-ricerca.html; museo-gregoriano-egizio room pages (Sala II, IV, VI)",coccodrillo; mummie animali; mummia coccodrillo (site search); catalogue search=coccodrillo,2026-09-24,Vatican holds animal mummies (official: 'mummie ... animali della collezione'); crocodile holdings unknown. Resume: retry catalogo.museivaticani.va/index.php/Search/objects?search=coccodrillo,southern_europe
Albany Museum,Makhanda (Grahamstown),ZA,https://www.albanymuseum.org.za/,NO_ONLINE_DB,0 results for both; Egyptian holdings indicated only by Iziko 'Egypt in South Africa' resources list.,https://www.albanymuseum.org.za/?s=egypt; https://www.albanymuseum.org.za/?s=mummy,"site search egypt, mummy",2026-09-24,Not conclusive.,rest_of_world
Ditsong National Museum of Cultural History,Pretoria,ZA,https://ditsong.org.za/en/,NO_ONLINE_DB,Holds Egyptian material (curator article on ushabtis 2024; named by Iziko's Egypt in South Africa site) but no mention of animal or crocodile mummies on website; no online collection DB.,https://ditsong.org.za/en/?s=egyptian; ?s=mummy; ?s=crocodile; https://ditsong.org.za/en/the-role-of-ushabtis-in-ancient-egypt/; .../history-of-ditsong-national-museum-of-cultural-history-and-the-archaeology-department/,"site search egyptian, mummy, crocodile",2026-09-24,Not conclusive; check with curator (Frank Teichert) or South African Animal Mummy Project (Stellenbosch).,rest_of_world
Iziko South African Museum / Iziko Museums of South Africa (Social History Collections),Cape Town,ZA,https://egyptinsouthafrica.iziko.org.za/mummifiedobjects/,ONLY_OTHER_ANIMAL_MUMMIES,"Iziko's Egyptian collection (~500 objects; Petrie Tarkhan, Amarna, Brunton Mostagedda) holds five animal mummies, all CT-scanned at Stellenbosch: 2 complete birds, 1 falcon-shaped bundle with a leg/talons, 1 fake bird-shaped bundle, 1 probable kitten. No crocodile.","https://www.iziko.org.za/?s=mummy; https://www.iziko.org.za/?s=crocodile; https://egyptinsouthafrica.iziko.org.za/mummifiedobjects/; .../artifactsarrivinginsa/; .../egyptianartifactsatiziko/; Cornelius, Swanepoel, du Plessis & Slabbert 2012, Akroterion 57: 129-148 (https://egyptinsouthafrica.iziko.org.za/wp-content/uploads/2014/02/09cormumfin.pdf)","site search 'mummy', 'crocodile'; PDF grep crocod",2026-09-24,"Egyptian collection formerly at South African Museum, transferred 1966 to SA Cultural History Museum (Slave Lodge). Official Egypt in South Africa site lists other SA holders of Egyptian material: Albany Museum (Grahamstown/Makhanda), Durban Natural Science Museum, National Museum of Cultural History Pretoria (Ditsong).",rest_of_world
KwaZulu-Natal Museum,Pietermaritzburg,ZA,https://www.nmsa.org.za/,NO_ONLINE_DB,Site search returns only generic news; no Egyptian/crocodile mummy content.,https://www.nmsa.org.za/?s=mummy; ?s=egypt; ?s=crocodile,"site search mummy, egypt, crocodile",2026-09-24,Not conclusive.,rest_of_world
